Catalog Number,Calendar Date,Eclipse Time,Delta T (s),Lunation Number,Saros Number,Eclipse Type,Gamma,Eclipse Magnitude,Latitude,Longitude,Sun Altitude,Sun Azimuth,Path Width (km),Central Duration,Datetime,ISO Date,location,moon_theta,moon_phi,sun_theta,sun_phi
9281,1900 May 28,14:53:56,-2,-1232,126,T,0.3943,1.0249,44.8N,46.5W,67,175,92,02m10s,1900-05-28 14:53:56,1900-05-28T14:53:56.000,"(4461340.48313723, 919588.07009129, 4449530.22143979) m",67.5568,0.00768181,68.1689,0.0115626
9282,1900 November 22,07:19:43,-2,-1226,131,A,-0.2245,0.9421,33.1S,64.8E,77,7,220,06m42s,1900-11-22 07:19:43,1900-11-22T07:19:43.000,"(4461340.48313723, 919588.07009129, 4449530.22143979) m",241.644,-0.817203,240.937,-0.0134169
9283,1901 May 18,05:33:48,-1,-1220,136,T,-0.3626,1.068,1.7S,98.4E,69,353,238,06m29s,1901-05-18 05:33:48,1901-05-18T05:33:48.000,"(4461340.48313723, 919588.07009129, 4449530.22143979) m",58.4661,-1.15428,57.9427,0.0096814
9284,1901 November 11,07:28:21,0,-1214,141,A,0.4758,0.9216,10.8N,68.9E,62,190,336,11m01s,1901-11-11 07:28:21,1901-11-11T07:28:21.000,"(4461340.48313723, 919588.07009129, 4449530.22143979) m",230.236,-0.132481,229.588,-0.0121317
9285,1902 April 8,14:05:06,0,-1209,108,Pe,1.5024,0.0643,71.7N,142.4W,0,67,,,1902-04-08 14:05:06,1902-04-08T14:05:06.000,"(4461340.48313723, 919588.07009129, 4449530.22143979) m",18.6202,1.11181,19.1625,0.00425831
9286,1902 May 7,22:34:16,0,-1208,146,P,-1.0831,0.8593,70.0S,125.1W,0,327,,,1902-05-07 22:34:16,1902-05-07T22:34:16.000,"(4461340.48313723, 919588.07009129, 4449530.22143979) m",47.3081,-1.88572,47.7654,0.00815911
9287,1902 October 31,08:00:18,1,-1202,151,P,1.1556,0.696,70.8N,100.8E,0,223,,,1902-10-31 08:00:18,1902-10-31T08:00:18.000,"(4461340.48313723, 919588.07009129, 4449530.22143979) m",218.897,0.505346,218.321,-0.0100649
9288,1903 March 29,01:35:23,2,-1197,118,A,0.8413,0.9767,56.2N,130.3E,32,147,153,01m53s,1903-03-29 01:35:23,1903-03-29T01:35:23.000,"(4461340.48313723, 919588.07009129, 4449530.22143979) m",8.70231,0.0114583,8.54397,0.000907962
9289,1903 September 21,04:39:52,2,-1191,123,T,-0.8967,1.0316,58.0S,77.2E,26,35,241,02m12s,1903-09-21 04:39:52,1903-09-21T04:39:52.000,"(4461340.48313723, 919588.07009129, 4449530.22143979) m",179.379,-1.24642,178.362,-0.00156048
9290,1904 March 17,05:40:44,3,-1185,128,A,0.1299,0.9367,5.6N,94.7E,82,162,237,08m07s,1904-03-17 05:40:44,1904-03-17T05:40:44.000,"(4461340.48313723, 919588.07009129, 4449530.22143979) m",357.91,-0.721271,357.554,-0.00176664
9291,1904 September 9,20:44:21,3,-1179,133,T,-0.1625,1.0709,3.7S,134.5W,81,17,234,06m20s,1904-09-09 20:44:21,1904-09-09T20:44:21.000,"(4461340.48313723, 919588.07009129, 4449530.22143979) m",167.953,-1.02749,168.034,-0.00029816
9292,1905 March 6,05:12:26,4,-1173,138,A,-0.5768,0.9269,39.5S,117.4E,55,338,334,07m58s,1905-03-06 05:12:26,1905-03-06T05:12:26.000,"(4461340.48313723, 919588.07009129, 4449530.22143979) m",346.603,-1.33916,346.3,-0.00412544
9293,1905 August 30,13:07:26,5,-1167,143,T,0.5708,1.0477,42.5N,4.3W,55,202,192,03m46s,1905-08-30 13:07:26,1905-08-30T13:07:26.000,"(4461340.48313723, 919588.07009129, 4449530.22143979) m",157.634,-0.102753,157.782,0.00192521
9294,1906 February 23,07:43:20,5,-1161,148,P,-1.2479,0.5386,71.4S,170.3W,0,237,,,1906-02-23 07:43:20,1906-02-23T07:43:20.000,"(4461340.48313723, 919588.07009129, 4449530.22143979) m",335.259,-2.04031,335.109,-0.0064462
9295,1906 July 21,13:14:19,6,-1156,115,P,-1.3637,0.3355,68.6S,33.3W,0,15,,,1906-07-21 13:14:19,1906-07-21T13:14:19.000,"(4461340.48313723, 919588.07009129, 4449530.22143979) m",119.037,-1.7216,119.143,0.0089147
9296,1906 August 20,01:12:50,6,-1155,153,P,1.3731,0.3147,70.8N,66.4W,0,313,,,1906-08-20 01:12:50,1906-08-20T01:12:50.000,"(4461340.48313723, 919588.07009129, 4449530.22143979) m",147.858,0.676205,147.409,0.00396599
9297,1907 January 14,06:05:43,6,-1150,120,T,0.8628,1.0281,38.3N,86.4E,30,175,189,02m25s,1907-01-14 06:05:43,1907-01-14T06:05:43.000,"(4461340.48313723, 919588.07009129, 4449530.22143979) m",294.909,0.040479,294.238,-0.0125253
9298,1907 July 10,15:24:32,7,-1144,125,A,-0.6313,0.9456,16.9S,50.9W,51,2,258,07m23s,1907-07-10 15:24:32,1907-07-10T15:24:32.000,"(4461340.48313723, 919588.07009129, 4449530.22143979) m",108.051,-1.09419,108.494,0.00966847
9299,1908 January 3,21:45:22,8,-1138,130,T,0.1934,1.0437,11.8S,145.1W,79,180,149,04m14s,1908-01-03 21:45:22,1908-01-03T21:45:22.000,"(4461340.48313723, 919588.07009129, 4449530.22143979) m",283.135,-0.180659,283.426,-0.0122752
9300,1908 June 28,16:29:51,8,-1132,135,A,0.1389,0.9655,31.4N,67.2W,82,177,126,04m00s,1908-06-28 16:29:51,1908-06-28T16:29:51.000,"(4461340.48313723, 919588.07009129, 4449530.22143979) m",97.1797,-0.42957,97.8029,0.0102655
9301,1908 December 23,11:44:28,9,-1126,140,H,-0.4985,1.0024,53.4S,0.5W,60,8,10,00m12s,1908-12-23 11:44:28,1908-12-23T11:44:28.000,"(4461340.48313723, 919588.07009129, 4449530.22143979) m",272.404,-1.4119,272.554,-0.0141714
9302,1909 June 17,23:18:38,10,-1120,145,H,0.8957,1.0065,82.9N,123.6E,26,110,51,00m24s,1909-06-17 23:18:38,1909-06-17T23:18:38.000,"(4461340.48313723, 919588.07009129, 4449530.22143979) m",87.245,-0.020958,87.3366,0.00967276
9303,1909 December 12,19:44:48,10,-1114,150,P,-1.2456,0.5424,65.0S,86.0E,0,158,,,1909-12-12 19:44:48,1909-12-12T19:44:48.000,"(4461340.48313723, 919588.07009129, 4449530.22143979) m",260.853,-1.61204,261.433,-0.0131569
9304,1910 May 9,05:42:13,11,-1109,117,T,-0.9437,1.06,48.2S,125.2E,19,328,594,04m15s,1910-05-09 05:42:13,1910-05-09T05:42:13.000,"(4461340.48313723, 919588.07009129, 4449530.22143979) m",49.5819,-1.78411,48.9708,0.00733719
9305,1910 November 2,02:08:32,12,-1103,122,P,1.0603,0.8515,61.9N,155.1W,0,238,,,1910-11-02 02:08:32,1910-11-02T02:08:32.000,"(4461340.48313723, 919588.07009129, 4449530.22143979) m",220.734,0.611703,220.03,-0.00909492
9306,1911 April 28,22:27:22,12,-1097,127,T,-0.2294,1.0562,1.9N,151.9W,77,336,190,04m57s,1911-04-28 22:27:22,1911-04-28T22:27:22.000,"(4461340.48313723, 919588.07009129, 4449530.22143979) m",38.3618,-0.976063,38.7379,0.00610339
9307,1911 October 22,04:13:02,13,-1091,132,A,0.3224,0.965,6.3N,121.4E,71,206,133,03m47s,1911-10-22 04:13:02,1911-10-22T04:13:02.000,"(4461340.48313723, 919588.07009129, 4449530.22143979) m",209.738,-0.0485291,208.877,-0.00731908
9308,1912 April 17,11:34:22,14,-1085,137,H,0.528,1.0003,38.4N,11.3W,58,146,1,00m02s,1912-04-17 11:34:22,1912-04-17T11:34:22.000,"(4461340.48313723, 919588.07009129, 4449530.22143979) m",28.0059,0.0338729,28.3076,0.00501613
9309,1912 October 10,13:36:14,14,-1079,142,T,-0.4149,1.0229,28.1S,40.1W,65,32,85,01m55s,1912-10-10 13:36:14,1912-10-10T13:36:14.000,"(4461340.48313723, 919588.07009129, 4449530.22143979) m",197.932,-1.282,198.09,-0.00649958
9310,1913 April 6,17:33:07,15,-1073,147,P,1.3147,0.4244,61.2N,175.7E,0,77,,,1913-04-06 17:33:07,1913-04-06T17:33:07.000,"(4461340.48313723, 919588.07009129, 4449530.22143979) m",16.5591,0.857936,17.5158,0.00335325
9311,1913 August 31,20:52:12,15,-1068,114,P,1.4512,0.1513,61.5N,26.8W,0,288,,,1913-08-31 20:52:12,1913-08-31T20:52:12.000,"(4461340.48313723, 919588.07009129, 4449530.22143979) m",159.064,0.576193,159.015,0.000922243
9312,1913 September 30,04:45:49,15,-1067,152,P,-1.1005,0.8252,61.0S,11.6E,0,95,,,1913-09-30 04:45:49,1913-09-30T04:45:49.000,"(4461340.48313723, 919588.07009129, 4449530.22143979) m",188.463,-1.47998,187.619,-0.00352758
9313,1914 February 25,00:13:01,16,-1062,119,A,-0.9416,0.9248,62.1S,113.3W,19,287,839,05m35s,1914-02-25 00:13:01,1914-02-25T00:13:01.000,"(4461340.48313723, 919588.07009129, 4449530.22143979) m",336.777,-1.3683,336.757,-0.00503441
9314,1914 August 21,12:34:27,17,-1056,124,T,0.7655,1.0328,54.5N,27.1E,40,227,170,02m14s,1914-08-21 12:34:27,1914-08-21T12:34:27.000,"(4461340.48313723, 919588.07009129, 4449530.22143979) m",148.822,0.177656,148.779,0.00347547
9315,1915 February 14,04:33:20,17,-1050,129,A,-0.2024,0.9789,24.0S,120.7E,78,333,77,02m04s,1915-02-14 04:33:20,1915-02-14T04:33:20.000,"(4461340.48313723, 919588.07009129, 4449530.22143979) m",326.035,-0.9876,325.592,-0.00739684
9316,1915 August 10,22:52:25,18,-1044,134,A,0.0124,0.9853,16.4N,161.4W,89,200,52,01m33s,1915-08-10 22:52:25,1915-08-10T22:52:25.000,"(4461340.48313723, 919588.07009129, 4449530.22143979) m",138.549,-0.769753,138.374,0.0046089
9317,1916 February 3,16:00:21,18,-1038,139,T,0.4987,1.028,11.1N,67.7W,60,158,108,02m36s,1916-02-03 16:00:21,1916-02-03T16:00:21.000,"(4461340.48313723, 919588.07009129, 4449530.22143979) m",313.777,-0.0346541,314.673,-0.00853789
9318,1916 July 30,02:06:10,19,-1032,144,A,-0.7709,0.9447,29.0S,132.4E,39,22,313,06m24s,1916-07-30 02:06:10,1916-07-30T02:06:10.000,"(4461340.48313723, 919588.07009129, 4449530.22143979) m",128.254,-1.29541,127.72,0.00632897
9319,1916 December 24,20:46:22,19,-1027,111,P,-1.5321,0.0114,65.7S,32.1E,0,195,,,1916-12-24 20:46:22,1916-12-24T20:46:22.000,"(4461340.48313723, 919588.07009129, 4449530.22143979) m",273.618,-1.93486,273.902,-0.0118009
9320,1917 January 23,07:28:31,19,-1026,149,P,1.1508,0.7254,63.2N,25.6E,0,138,,,1917-01-23 07:28:31,1917-01-23T07:28:31.000,"(4461340.48313723, 919588.07009129, 4449530.22143979) m",304.223,0.242543,303.901,-0.0106605
9321,1917 June 19,13:16:21,20,-1021,116,P,1.2857,0.4729,66.2N,150.1E,0,350,,,1917-06-19 13:16:21,1917-06-19T13:16:21.000,"(4461340.48313723, 919588.07009129, 4449530.22143979) m",88.5738,0.843722,88.7984,0.0098461
9322,1917 July 19,02:42:42,20,-1020,154,Pb,-1.5101,0.0863,63.7S,101.8E,0,36,,,1917-07-19 02:42:42,1917-07-19T02:42:42.000,"(4461340.48313723, 919588.07009129, 4449530.22143979) m",117.489,-1.97859,116.989,0.00729789
9323,1917 December 14,09:27:20,20,-1015,121,A,-0.9157,0.9791,88.0S,124.8E,23,271,189,01m17s,1917-12-14 09:27:20,1917-12-14T09:27:20.000,"(4461340.48313723, 919588.07009129, 4449530.22143979) m",263.419,-1.74537,262.979,-0.0129788
9324,1918 June 8,22:07:43,20,-1009,126,T,0.4658,1.0292,50.9N,152.0W,62,180,112,02m23s,1918-06-08 22:07:43,1918-06-08T22:07:43.000,"(4461340.48313723, 919588.07009129, 4449530.22143979) m",78.1754,-0.401603,78.4007,0.00845565
9325,1918 December 3,15:22:02,21,-1003,131,A,-0.2387,0.9383,36.1S,53.7W,76,3,236,07m06s,1918-12-03 15:22:02,1918-12-03T15:22:02.000,"(4461340.48313723, 919588.07009129, 4449530.22143979) m",251.33,-1.00247,251.79,-0.012428
9326,1919 May 29,13:08:55,21,-997,136,T,-0.2955,1.0719,4.4N,16.7W,73,356,244,06m51s,1919-05-29 13:08:55,1919-05-29T13:08:55.000,"(4461340.48313723, 919588.07009129, 4449530.22143979) m",67.7649,-0.661843,68.2205,0.00931677
9327,1919 November 22,15:14:12,21,-991,141,A,0.4549,0.9198,6.9N,48.9W,63,186,341,11m37s,1919-11-22 15:14:12,1919-11-22T15:14:12.000,"(4461340.48313723, 919588.07009129, 4449530.22143979) m",239.937,-0.39816,240.387,-0.0116083
9328,1920 May 18,06:14:55,21,-985,146,P,-1.0239,0.9734,69.1S,107.7E,0,339,,,1920-05-18 06:14:55,1920-05-18T06:14:55.000,"(4461340.48313723, 919588.07009129, 4449530.22143979) m",58.5404,-1.78137,58.0943,0.00739878
9329,1920 November 10,15:52:15,22,-979,151,P,1.1287,0.742,69.9N,29.8W,0,211,,,1920-11-10 15:52:15,1920-11-10T15:52:15.000,"(4461340.48313723, 919588.07009129, 4449530.22143979) m",228.545,0.206713,229.063,-0.0104993
9330,1921 April 8,09:15:01,22,-974,118,A,0.8869,0.9753,64.5N,5.6E,27,139,192,01m50s,1921-04-08 09:15:01,1921-04-08T09:15:01.000,"(4461340.48313723, 919588.07009129, 4449530.22143979) m",19.269,0.170277,19.0899,0.00237033
9331,1921 October 1,12:35:58,22,-968,123,T,-0.9383,1.0293,66.1S,56.1W,20,48,291,01m52s,1921-10-01 12:35:58,1921-10-01T12:35:58.000,"(4461340.48313723, 919588.07009129, 4449530.22143979) m",189.002,-1.73697,188.873,-0.00413946
9332,1922 March 28,13:05:26,23,-962,128,A,0.1711,0.9381,12.3N,18.0W,80,162,233,07m50s,1922-03-28 13:05:26,1922-03-28T13:05:26.000,"(4461340.48313723, 919588.07009129, 4449530.22143979) m",7.66277,-0.286348,8.1519,0.00105975
9333,1922 September 21,04:40:31,23,-956,133,T,-0.213,1.0678,10.7S,104.5E,78,18,226,05m59s,1922-09-21 04:40:31,1922-09-21T04:40:31.000,"(4461340.48313723, 919588.07009129, 4449530.22143979) m",179.461,-0.583954,178.488,-0.00131345
9334,1923 March 17,12:44:58,23,-950,138,A,-0.5438,0.9309999999999999,33.0S,2.4E,57,339,305,07m51s,1923-03-17 12:44:58,1923-03-17T12:44:58.000,"(4461340.48313723, 919588.07009129, 4449530.22143979) m",356.463,-1.00127,356.978,-0.000882075
9335,1923 September 10,20:47:29,23,-944,143,T,0.5149,1.043,34.7N,121.8W,59,201,167,03m37s,1923-09-10 20:47:29,1923-09-10T20:47:29.000,"(4461340.48313723, 919588.07009129, 4449530.22143979) m",168.025,-0.333733,168.163,-0.000809584
9336,1924 March 5,15:44:20,24,-938,148,P,-1.2232,0.5819,71.9S,55.6E,0,250,,,1924-03-05 15:44:20,1924-03-05T15:44:20.000,"(4461340.48313723, 919588.07009129, 4449530.22143979) m",344.934,-1.54626,345.869,-0.00251956
9337,1924 July 31,19:58:20,24,-933,115,P,-1.4459,0.192,69.6S,146.0W,0,27,,,1924-07-31 19:58:20,1924-07-31T19:58:20.000,"(4461340.48313723, 919588.07009129, 4449530.22143979) m",129.173,-2.15943,129.337,0.00473386
9338,1924 August 30,08:23:00,24,-932,153,P,1.3123,0.4245,71.5N,172.9E,0,300,,,1924-08-30 08:23:00,1924-08-30T08:23:00.000,"(4461340.48313723, 919588.07009129, 4449530.22143979) m",158.246,0.883676,157.717,0.00207461
9339,1925 January 24,14:54:03,24,-927,120,T,0.8661,1.0304,40.5N,49.6W,30,170,206,02m32s,1925-01-24 14:54:03,1925-01-24T14:54:03.000,"(4461340.48313723, 919588.07009129, 4449530.22143979) m",304.523,0.208356,305.181,-0.00894729
9340,1925 July 20,21:48:42,24,-921,125,A,-0.7193,0.9436,25.3S,150.0W,44,6,300,07m15s,1925-07-20 21:48:42,1925-07-20T21:48:42.000,"(4461340.48313723, 919588.07009129, 4449530.22143979) m",118.637,-1.45403,118.654,0.00590507
9341,1926 January 14,06:36:58,24,-915,130,T,0.1973,1.043,10.1S,82.3E,79,176,147,04m11s,1926-01-14 06:36:58,1926-01-14T06:36:58.000,"(4461340.48313723, 919588.07009129, 4449530.22143979) m",294.965,-0.662374,294.389,-0.0105133
9342,1926 July 9,23:06:02,24,-909,135,A,0.0538,0.968,25.6N,165.1W,87,181,115,03m51s,1926-07-09 23:06:02,1926-07-09T23:06:02.000,"(4461340.48313723, 919588.07009129, 4449530.22143979) m",108.044,-0.775387,107.974,0.00664594
9343,1927 January 3,20:22:53,24,-903,140,A,-0.4956,0.9995,52.8S,124.8W,60,0,2,00m03s,1927-01-03 20:22:53,1927-01-03T20:22:53.000,"(4461340.48313723, 919588.07009129, 4449530.22143979) m",282.939,-0.867021,283.497,-0.0101614
9344,1927 June 29,06:23:27,24,-897,145,T,0.8163,1.0128,78.1N,73.8E,35,167,77,00m50s,1927-06-29 06:23:27,1927-06-29T06:23:27.000,"(4461340.48313723, 919588.07009129, 4449530.22143979) m",98.1523,0.287391,97.535,0.00807778
9345,1927 December 24,03:59:41,24,-891,150,P,-1.2416,0.5489999999999999,66.1S,47.7W,0,169,,,1927-12-24 03:59:41,1927-12-24T03:59:41.000,"(4461340.48313723, 919588.07009129, 4449530.22143979) m",272.865,-1.65734,272.354,-0.0106524
9346,1928 May 19,13:24:20,24,-886,117,T-,-1.0048,1.014,63.3S,22.5E,0,319,-,-,1928-05-19 13:24:20,1928-05-19T13:24:20.000,"(4461340.48313723, 919588.07009129, 4449530.22143979) m",58.8989,-1.39487,59.2974,0.00743711
9347,1928 June 17,20:27:28,24,-885,155,Pb,1.5107,0.0375,65.6N,70.6E,0,16,,,1928-06-17 20:27:28,1928-06-17T20:27:28.000,"(4461340.48313723, 919588.07009129, 4449530.22143979) m",86.7137,0.676475,87.3533,0.0073383
9348,1928 November 12,09:48:24,24,-880,122,P,1.0861,0.8078,62.6N,81.1E,0,229,,,1928-11-12 09:48:24,1928-11-12T09:48:24.000,"(4461340.48313723, 919588.07009129, 4449530.22143979) m",231.272,0.260522,230.772,-0.00939711
9349,1929 May 9,06:10:34,24,-874,127,T,-0.2887,1.0562,1.6N,92.7E,73,339,193,05m07s,1929-05-09 06:10:34,1929-05-09T06:10:34.000,"(4461340.48313723, 919588.07009129, 4449530.22143979) m",49.6425,-1.07173,49.1132,0.00542761
9350,1929 November 1,12:05:10,24,-868,132,A,0.3514,0.9649,4.5N,3.1E,69,204,134,03m54s,1929-11-01 12:05:10,1929-11-01T12:05:10.000,"(4461340.48313723, 919588.07009129, 4449530.22143979) m",219.678,-0.497244,219.571,-0.00847052
9351,1930 April 28,19:03:34,24,-862,137,H,0.473,1.0003,39.4N,121.2W,62,149,1,00m01s,1930-04-28 19:03:34,1930-04-28T19:03:34.000,"(4461340.48313723, 919588.07009129, 4449530.22143979) m",37.8758,-0.0356718,38.7193,0.00512141
9352,1930 October 21,21:43:53,24,-856,142,T,-0.3804,1.023,30.5S,161.1W,67,31,84,01m55s,1930-10-21 21:43:53,1930-10-21T21:43:53.000,"(4461340.48313723, 919588.07009129, 4449530.22143979) m",208.694,-0.964341,208.736,-0.00662842
9353,1931 April 18,00:45:35,24,-850,147,P,1.2643,0.5107,61.5N,58.9E,0,68,,,1931-04-18 00:45:35,1931-04-18T00:45:35.000,"(4461340.48313723, 919588.07009129, 4449530.22143979) m",27.8579,0.370113,27.9897,0.00290637
9354,1931 September 12,04:41:25,24,-845,114,Pe,1.506,0.0471,61.2N,152.8W,0,280,,,1931-09-12 04:41:25,1931-09-12T04:41:25.000,"(4461340.48313723, 919588.07009129, 4449530.22143979) m",170.508,1.15,169.413,-8.45494e-05
9355,1931 October 11,12:55:40,24,-844,152,P,-1.0607,0.9005,61.2S,119.5W,0,104,,,1931-10-11 12:55:40,1931-10-11T12:55:40.000,"(4461340.48313723, 919588.07009129, 4449530.22143979) m",198.069,-1.9573,198.194,-0.00581974
9356,1932 March 7,07:55:50,24,-839,119,A,-0.9673,0.9277,60.7S,134.4E,14,285,1083,05m19s,1932-03-07 07:55:50,1932-03-07T07:55:50.000,"(4461340.48313723, 919588.07009129, 4449530.22143979) m",347.798,-1.70254,347.492,-0.00353268
9357,1932 August 31,20:03:41,24,-833,124,T,0.8307,1.0257,54.5N,79.5W,34,232,155,01m45s,1932-08-31 20:03:41,1932-08-31T20:03:41.000,"(4461340.48313723, 919588.07009129, 4449530.22143979) m",158.992,-0.0748953,159.107,0.000440762
9358,1933 February 24,12:46:39,24,-827,129,A,-0.2191,0.9841,20.8S,2.1W,77,331,58,01m32s,1933-02-24 12:46:39,1933-02-24T12:46:39.000,"(4461340.48313723, 919588.07009129, 4449530.22143979) m",335.928,-0.844122,336.404,-0.00447899
9359,1933 August 21,05:49:11,24,-821,134,A,0.0869,0.9801,16.9N,95.9E,85,206,71,02m04s,1933-08-21 05:49:11,1933-08-21T05:49:11.000,"(4461340.48313723, 919588.07009129, 4449530.22143979) m",149.475,-0.268638,148.631,0.0030308
9360,1934 February 14,00:38:41,24,-815,139,T,0.4868,1.0321,13.2N,161.7E,61,155,123,02m53s,1934-02-14 00:38:41,1934-02-14T00:38:41.000,"(4461340.48313723, 919588.07009129, 4449530.22143979) m",325.543,-0.0842134,325.554,-0.00561388
9361,1934 August 10,08:37:48,24,-809,144,A,-0.6890000000000001,0.9436,24.5S,34.6E,46,25,280,06m33s,1934-08-10 08:37:48,1934-08-10T08:37:48.000,"(4461340.48313723, 919588.07009129, 4449530.22143979) m",138.414,-0.945639,137.928,0.00421459
9362,1935 January 5,05:35:46,24,-804,111,Pe,-1.5381,0.0013,64.7S,110.2W,0,205,,,1935-01-05 05:35:46,1935-01-05T05:35:46.000,"(4461340.48313723, 919588.07009129, 4449530.22143979) m",285.658,-2.28791,284.863,-0.00984048
9363,1935 February 3,16:16:20,24,-803,149,P,1.1438,0.7390000000000001,62.5N,115.4W,0,128,,,1935-02-03 16:16:20,1935-02-03T16:16:20.000,"(4461340.48313723, 919588.07009129, 4449530.22143979) m",313.83,0.642615,314.816,-0.00669772
9364,1935 June 30,19:59:46,24,-798,116,P,1.3623,0.3375,65.2N,39.1E,0,340,,,1935-06-30 19:59:46,1935-06-30T19:59:46.000,"(4461340.48313723, 919588.07009129, 4449530.22143979) m",98.6469,0.467817,98.974,0.00622027
9365,1935 July 30,09:16:28,24,-797,154,P,-1.4259,0.2315,62.9S,5.9W,0,45,,,1935-07-30 09:16:28,1935-07-30T09:16:28.000,"(4461340.48313723, 919588.07009129, 4449530.22143979) m",127.482,-1.62881,127.174,0.00533235
9366,1935 December 25,17:59:52,24,-792,121,A,-0.9228,0.9752,83.5S,9.4E,22,258,234,01m30s,1935-12-25 17:59:52,1935-12-25T17:59:52.000,"(4461340.48313723, 919588.07009129, 4449530.22143979) m",273.327,-1.42783,273.916,-0.00960913
9367,1936 June 19,05:20:31,24,-786,126,T,0.5389,1.0329,56.1N,104.7E,57,188,132,02m31s,1936-06-19 05:20:31,1936-06-19T05:20:31.000,"(4461340.48313723, 919588.07009129, 4449530.22143979) m",89.3614,-0.100358,88.6129,0.00665773
9368,1936 December 13,23:28:12,24,-780,131,A,-0.2493,0.9349,37.8S,172.6W,75,357,251,07m25s,1936-12-13 23:28:12,1936-12-13T23:28:12.000,"(4461340.48313723, 919588.07009129, 4449530.22143979) m",262.788,-0.552237,262.684,-0.00918294
9369,1937 June 8,20:41:02,24,-774,136,T,-0.2253,1.0751,9.9N,130.5W,77,0,250,07m04s,1937-06-08 20:41:02,1937-06-08T20:41:02.000,"(4461340.48313723, 919588.07009129, 4449530.22143979) m",77.9291,-1.04857,78.468,0.00612264
9370,1937 December 2,23:05:45,24,-768,141,A,0.4389,0.9184,4.0N,167.8W,64,182,344,12m00s,1937-12-02 23:05:45,1937-12-02T23:05:45.000,"(4461340.48313723, 919588.07009129, 4449530.22143979) m",251.253,0.0473247,251.233,-0.00880637
9371,1938 May 29,13:50:19,24,-762,146,T,-0.9607,1.0552,52.7S,22.0W,16,354,675,04m05s,1938-05-29 13:50:19,1938-05-29T13:50:19.000,"(4461340.48313723, 919588.07009129, 4449530.22143979) m",67.7461,-1.35017,68.3755,0.00685785
9372,1938 November 21,23:52:25,24,-756,151,P,1.1077,0.7781,68.9N,162.0W,0,198,,,1938-11-21 23:52:25,1938-11-21T23:52:25.000,"(4461340.48313723, 919588.07009129, 4449530.22143979) m",240.003,0.656861,239.868,-0.00822122
9373,1939 April 19,16:45:53,24,-751,118,A,0.9388,0.9731,73.1N,129.1W,20,118,285,01m49s,1939-04-19 16:45:53,1939-04-19T16:45:53.000,"(4461340.48313723, 919588.07009129, 4449530.22143979) m",28.8132,0.532757,29.5715,0.00360807
9374,1939 October 12,20:40:23,24,-745,123,T,-0.9737,1.0266,72.8S,155.1E,12,74,418,01m32s,1939-10-12 20:40:23,1939-10-12T20:40:23.000,"(4461340.48313723, 919588.07009129, 4449530.22143979) m",199.407,-1.6823,199.45,-0.00519831
9375,1940 April 7,20:21:21,24,-739,128,A,0.21899999999999997,0.9394,19.2N,128.5W,77,163,230,07m30s,1940-04-07 20:21:21,1940-04-07T20:21:21.000,"(4461340.48313723, 919588.07009129, 4449530.22143979) m",18.046,-0.261004,18.6877,0.00191945
9376,1940 October 1,12:44:06,25,-733,133,T,-0.2573,1.0645,17.5S,18.2W,75,18,218,05m35s,1940-10-01 12:44:06,1940-10-01T12:44:06.000,"(4461340.48313723, 919588.07009129, 4449530.22143979) m",189.044,-1.08741,189.003,-0.00390438
9377,1941 March 27,20:08:08,25,-727,138,A,-0.5025,0.9355,26.2S,110.9W,60,341,276,07m41s,1941-03-27 20:08:08,1941-03-27T20:08:08.000,"(4461340.48313723, 919588.07009129, 4449530.22143979) m",6.84927,-0.852821,7.57966,0.000596879
9378,1941 September 21,04:34:03,25,-721,143,T,0.4649,1.0379,27.3N,119.1E,62,200,143,03m22s,1941-09-21 04:34:03,1941-09-21T04:34:03.000,"(4461340.48313723, 919588.07009129, 4449530.22143979) m",179.491,0.10072,178.611,-0.00135347
9379,1942 March 16,23:37:07,25,-715,148,P,-1.1908,0.6393,72.2S,76.8W,0,264,,,1942-03-16 23:37:07,1942-03-16T23:37:07.000,"(4461340.48313723, 919588.07009129, 4449530.22143979) m",356.241,-1.70005,356.555,-0.00150725
9380,1942 August 12,02:45:12,26,-710,115,Pe,-1.5244,0.0561,70.4S,99.9E,0,39,,,1942-08-12 02:45:12,1942-08-12T02:45:12.000,"(4461340.48313723, 919588.07009129, 4449530.22143979) m",140.42,-1.91189,139.57,0.00301137
9381,1942 September 10,15:39:32,26,-709,153,P,1.2571,0.523,71.9N,50.0E,0,286,,,1942-09-10 15:39:32,1942-09-10T15:39:32.000,"(4461340.48313723, 919588.07009129, 4449530.22143979) m",167.651,0.356522,168.089,-0.00109247
9382,1943 February 4,23:38:10,26,-704,120,T,0.8734,1.0331,43.6N,175.1E,29,165,229,02m39s,1943-02-04 23:38:10,1943-02-04T23:38:10.000,"(4461340.48313723, 919588.07009129, 4449530.22143979) m",316.07,0.402999,316.087,-0.00569496
9383,1943 August 1,04:16:13,26,-698,125,A,-0.8041,0.9409,34.8S,108.6E,36,11,367,06m59s,1943-08-01 04:16:13,1943-08-01T04:16:13.000,"(4461340.48313723, 919588.07009129, 4449530.22143979) m",129.683,-1.1816,128.843,0.00407764
9384,1944 January 25,15:26:42,26,-692,130,T,0.2025,1.0428,7.6S,50.2W,78,172,146,04m09s,1944-01-25 15:26:42,1944-01-25T15:26:42.000,"(4461340.48313723, 919588.07009129, 4449530.22143979) m",304.553,-0.418553,305.329,-0.00698749
9385,1944 July 20,05:43:13,27,-686,135,A,-0.0314,0.97,19.0N,95.7E,88,6,108,03m42s,1944-07-20 05:43:13,1944-07-20T05:43:13.000,"(4461340.48313723, 919588.07009129, 4449530.22143979) m",118.905,-0.461936,118.142,0.00487991
9386,1945 January 14,05:01:43,27,-680,140,A,-0.4937,0.997,51.1S,110.3E,60,354,12,00m15s,1945-01-14 05:01:43,1945-01-14T05:01:43.000,"(4461340.48313723, 919588.07009129, 4449530.22143979) m",294.985,-1.20139,294.453,-0.00824535
9387,1945 July 9,13:27:46,27,-674,145,T,0.7356,1.018,70.0N,17.2W,42,184,92,01m15s,1945-07-09 13:27:46,1945-07-09T13:27:46.000,"(4461340.48313723, 919588.07009129, 4449530.22143979) m",107.322,0.272416,107.709,0.00553143
9388,1946 January 3,12:16:11,27,-668,150,P,-1.2392,0.5529,67.1S,177.6E,0,180,,,1946-01-03 12:16:11,1946-01-03T12:16:11.000,"(4461340.48313723, 919588.07009129, 4449530.22143979) m",282.938,-1.98033,283.291,-0.00891066
9389,1946 May 30,21:00:24,28,-663,117,P,-1.0711,0.8865,64.1S,101.0W,0,328,,,1946-05-30 21:00:24,1946-05-30T21:00:24.000,"(4461340.48313723, 919588.07009129, 4449530.22143979) m",69.154,-1.88928,69.5687,0.00474219
9390,1946 June 29,03:51:58,28,-662,155,P,1.4361,0.1802,66.6N,50.8W,0,6,,,1946-06-29 03:51:58,1946-06-29T03:51:58.000,"(4461340.48313723, 919588.07009129, 4449530.22143979) m",98.1301,0.736072,97.5522,0.00505082
9391,1946 November 23,17:37:12,28,-657,122,P,1.105,0.7758,63.4N,45.3W,0,219,,,1946-11-23 17:37:12,1946-11-23T17:37:12.000,"(4461340.48313723, 919588.07009129, 4449530.22143979) m",241.177,0.307932,241.578,-0.00813463
9392,1947 May 20,13:47:47,28,-651,127,T,-0.3528,1.0557,0.2N,21.4W,69,343,196,05m13s,1947-05-20 13:47:47,1947-05-20T13:47:47.000,"(4461340.48313723, 919588.07009129, 4449530.22143979) m",58.9214,-0.713804,59.4371,0.00525082
9393,1947 November 12,20:05:37,28,-645,132,A,0.3743,0.965,3.0N,117.4W,68,200,135,03m59s,1947-11-12 20:05:37,1947-11-12T20:05:37.000,"(4461340.48313723, 919588.07009129, 4449530.22143979) m",230.055,-0.23652,230.323,-0.00719763
9394,1948 May 9,02:26:04,28,-639,137,A,0.4133,0.9999,39.8N,131.2E,65,153,0,00m00s,1948-05-09 02:26:04,1948-05-09T02:26:04.000,"(4461340.48313723, 919588.07009129, 4449530.22143979) m",49.3365,-0.482024,49.0913,0.0033304
9395,1948 November 1,05:59:18,29,-633,142,T,-0.3517,1.0231,33.1S,76.2E,69,28,84,01m56s,1948-11-01 05:59:18,1948-11-01T05:59:18.000,"(4461340.48313723, 919588.07009129, 4449530.22143979) m",220.289,-0.813085,219.443,-0.00584019
9396,1949 April 28,07:48:53,29,-627,147,P,1.2068,0.6092,61.9N,55.7W,0,59,,,1949-04-28 07:48:53,1949-04-28T07:48:53.000,"(4461340.48313723, 919588.07009129, 4449530.22143979) m",38.6046,0.449748,38.3988,0.00290862
9397,1949 October 21,21:13:01,29,-621,152,P,-1.0270000000000001,0.9638,61.5S,107.5E,0,113,,,1949-10-21 21:13:01,1949-10-21T21:13:01.000,"(4461340.48313723, 919588.07009129, 4449530.22143979) m",208.648,-1.67905,208.838,-0.00527636
9398,1950 March 18,15:32:01,29,-616,119,A-,-0.9988,0.9620000000000001,60.9S,40.9E,0,268,-,-,1950-03-18 15:32:01,1950-03-18T15:32:01.000,"(4461340.48313723, 919588.07009129, 4449530.22143979) m",357.469,-1.27004,358.162,-0.000754472
9399,1950 September 12,03:38:47,29,-610,124,T,0.8903,1.0182,54.8N,172.3E,27,236,134,01m14s,1950-09-12 03:38:47,1950-09-12T03:38:47.000,"(4461340.48313723, 919588.07009129, 4449530.22143979) m",170.456,0.471674,169.499,-0.000145704
9400,1951 March 7,20:53:40,30,-604,129,A,-0.242,0.9896,17.7S,123.5W,76,330,38,00m59s,1951-03-07 20:53:40,1951-03-07T20:53:40.000,"(4461340.48313723, 919588.07009129, 4449530.22143979) m",346.563,-0.629883,347.154,-0.00184672
9401,1951 September 1,12:51:51,30,-598,134,A,0.1557,0.9747,16.5N,8.5W,81,208,91,02m36s,1951-09-01 12:51:51,1951-09-01T12:51:51.000,"(4461340.48313723, 919588.07009129, 4449530.22143979) m",158.913,-0.477065,158.945,0.000414925
9402,1952 February 25,09:11:35,30,-592,139,T,0.4697,1.0366,15.6N,32.7E,62,152,138,03m09s,1952-02-25 09:11:35,1952-02-25T09:11:35.000,"(4461340.48313723, 919588.07009129, 4449530.22143979) m",336.421,-0.418072,336.381,-0.00440797
9403,1952 August 20,15:13:35,30,-586,144,A,-0.6102,0.9420000000000001,21.7S,64.1W,52,27,264,06m40s,1952-08-20 15:13:35,1952-08-20T15:13:35.000,"(4461340.48313723, 919588.07009129, 4449530.22143979) m",147.786,-1.25238,148.171,0.000835098
9404,1953 February 14,00:59:30,30,-580,149,P,1.1331,0.7596,61.9N,104.9E,0,119,,,1953-02-14 00:59:30,1953-02-14T00:59:30.000,"(4461340.48313723, 919588.07009129, 4449530.22143979) m",325.677,0.536176,325.696,-0.00422528
9405,1953 July 11,02:44:14,30,-575,116,P,1.4388,0.2015,64.3N,71.7W,0,331,,,1953-07-11 02:44:14,1953-07-11T02:44:14.000,"(4461340.48313723, 919588.07009129, 4449530.22143979) m",109.894,0.653869,109.146,0.00365511
9406,1953 August 9,15:55:03,30,-574,154,P,-1.344,0.3729,62.2S,114.7W,0,54,,,1953-08-09 15:55:03,1953-08-09T15:55:03.000,"(4461340.48313723, 919588.07009129, 4449530.22143979) m",136.852,-1.93205,137.385,0.00182625
9407,1954 January 5,02:32:01,31,-569,121,A,-0.9296,0.972,79.1S,120.8W,21,260,278,01m42s,1954-01-05 02:32:01,1954-01-05T02:32:01.000,"(4461340.48313723, 919588.07009129, 4449530.22143979) m",285.41,-1.37092,284.861,-0.00685354
9408,1954 June 30,12:32:38,31,-563,126,T,0.6135,1.0357,60.5N,4.2E,52,197,153,02m35s,1954-06-30 12:32:38,1954-06-30T12:32:38.000,"(4461340.48313723, 919588.07009129, 4449530.22143979) m",98.6578,0.225411,98.8006,0.00482077
9409,1954 December 25,07:36:42,31,-557,131,A,-0.2576,0.9323,38.4S,68.2E,75,352,262,07m39s,1954-12-25 07:36:42,1954-12-25T07:36:42.000,"(4461340.48313723, 919588.07009129, 4449530.22143979) m",274.142,-0.988787,273.603,-0.00780433
9410,1955 June 20,04:10:42,31,-551,136,T,-0.1528,1.0776,14.8N,117.0E,81,5,254,07m08s,1955-06-20 04:10:42,1955-06-20T04:10:42.000,"(4461340.48313723, 919588.07009129, 4449530.22143979) m",89.3716,-0.893516,88.6921,0.00405195
9411,1955 December 14,07:02:25,31,-545,141,A,0.4266,0.9176,2.1N,72.2E,65,178,346,12m09s,1955-12-14 07:02:25,1955-12-14T07:02:25.000,"(4461340.48313723, 919588.07009129, 4449530.22143979) m",262.689,-0.28522,262.118,-0.00757148
9412,1956 June 8,21:20:39,32,-539,146,T,-0.8934,1.0581,40.8S,140.7W,26,0,429,04m45s,1956-06-08 21:20:39,1956-06-08T21:20:39.000,"(4461340.48313723, 919588.07009129, 4449530.22143979) m",78.1219,-1.74792,78.6194,0.00362329
9413,1956 December 2,08:00:35,32,-533,151,P,1.0923,0.8047,67.9N,64.6E,0,187,,,1956-12-02 08:00:35,1956-12-02T08:00:35.000,"(4461340.48313723, 919588.07009129, 4449530.22143979) m",251.216,0.305801,250.729,-0.00733843
9414,1957 April 30,00:05:28,32,-528,118,A+,0.9992,0.9799,70.6N,40.3E,0,41,-,-,1957-04-30 00:05:28,1957-04-30T00:05:28.000,"(4461340.48313723, 919588.07009129, 4449530.22143979) m",39.9691,0.126521,39.976,0.001898
9415,1957 October 23,04:54:02,32,-522,123,T-,-1.0022,1.0013,71.2S,23.1W,0,127,-,-,1957-10-23 04:54:02,1957-10-23T04:54:02.000,"(4461340.48313723, 919588.07009129, 4449530.22143979) m",211.119,-1.38791,210.107,-0.0042282
9416,1958 April 19,03:27:17,32,-516,128,A,0.275,0.9408,26.5N,123.6E,74,164,228,07m07s,1958-04-19 03:27:17,1958-04-19T03:27:17.000,"(4461340.48313723, 919588.07009129, 4449530.22143979) m",29.481,-0.584142,29.1529,0.000770564
9417,1958 October 12,20:55:28,33,-510,133,T,-0.2951,1.0608,24.0S,142.4W,73,18,209,05m11s,1958-10-12 20:55:28,1958-10-12T20:55:28.000,"(4461340.48313723, 919588.07009129, 4449530.22143979) m",199.517,-1.01252,199.593,-0.00379205
9418,1959 April 8,03:24:08,33,-504,138,A,-0.4546,0.9401,19.1S,137.6E,63,343,247,07m26s,1959-04-08 03:24:08,1959-04-08T03:24:08.000,"(4461340.48313723, 919588.07009129, 4449530.22143979) m",18.3581,-1.23448,18.1215,-0.000186661
9419,1959 October 2,12:27:00,33,-498,143,T,0.4207,1.0325,20.4N,1.4W,65,199,120,03m02s,1959-10-02 12:27:00,1959-10-02T12:27:00.000,"(4461340.48313723, 919588.07009129, 4449530.22143979) m",189.138,-0.362153,189.12,-0.00297779
9420,1960 March 27,07:25:07,33,-492,148,P,-1.1537,0.7058,72.1S,151.9E,0,279,,,1960-03-27 07:25:07,1960-03-27T07:25:07.000,"(4461340.48313723, 919588.07009129, 4449530.22143979) m",7.36492,-1.9165,7.19136,-0.00109765
9421,1960 September 20,22:59:56,33,-486,153,P,1.2057,0.6139,72.1N,74.1W,0,273,,,1960-09-20 22:59:56,1960-09-20T22:59:56.000,"(4461340.48313723, 919588.07009129, 4449530.22143979) m",178.648,0.502603,178.508,-0.00193475
9422,1961 February 15,08:19:48,34,-481,120,T,0.883,1.036,47.4N,40.0E,28,159,258,02m45s,1961-02-15 08:19:48,1961-02-15T08:19:48.000,"(4461340.48313723, 919588.07009129, 4449530.22143979) m",327.289,-0.0459968,326.968,-0.00455471
9423,1961 August 11,10:46:47,34,-475,125,A,-0.8859,0.9375,45.8S,4.0E,27,17,499,06m35s,1961-08-11 10:46:47,1961-08-11T10:46:47.000,"(4461340.48313723, 919588.07009129, 4449530.22143979) m",139.36,-1.1922,139.052,0.00174455
9424,1962 February 5,00:12:38,34,-469,130,T,0.2107,1.043,4.2S,178.1E,78,169,147,04m08s,1962-02-05 00:12:38,1962-02-05T00:12:38.000,"(4461340.48313723, 919588.07009129, 4449530.22143979) m",316.261,-0.291508,316.244,-0.00436086
9425,1962 July 31,12:25:33,34,-463,135,Am,-0.113,0.9716,12.0N,5.7W,84,9,103,03m33s,1962-07-31 12:25:33,1962-07-31T12:25:33.000,"(4461340.48313723, 919588.07009129, 4449530.22143979) m",128.274,-0.553564,128.334,0.00239375
9426,1963 January 25,13:37:12,35,-457,140,A,-0.4898,0.9951,48.2S,15.0W,60,348,20,00m25s,1963-01-25 13:37:12,1963-01-25T13:37:12.000,"(4461340.48313723, 919588.07009129, 4449530.22143979) m",304.767,-1.20308,305.379,-0.00540265
9427,1963 July 20,20:36:13,35,-451,145,T,0.6571,1.0224,61.7N,119.6W,49,191,101,01m40s,1963-07-20 20:36:13,1963-07-20T20:36:13.000,"(4461340.48313723, 919588.07009129, 4449530.22143979) m",117.567,-0.253193,117.907,0.00181623
9428,1964 January 14,20:30:08,35,-445,150,P,-1.2354,0.5591,68.2S,43.1E,0,191,,,1964-01-14 20:30:08,1964-01-14T20:30:08.000,"(4461340.48313723, 919588.07009129, 4449530.22143979) m",293.599,-1.45944,294.213,-0.00500091
9429,1964 June 10,04:34:07,35,-440,117,P,-1.1393,0.7545,65.0S,135.9E,0,338,,,1964-06-10 04:34:07,1964-06-10T04:34:07.000,"(4461340.48313723, 919588.07009129, 4449530.22143979) m",80.5974,-1.91726,79.8197,0.00273716
9430,1964 July 9,11:17:53,35,-439,155,P,1.3623,0.3221,67.6N,172.9W,0,355,,,1964-07-09 11:17:53,1964-07-09T11:17:53.000,"(4461340.48313723, 919588.07009129, 4449530.22143979) m",107.675,1.01846,107.753,0.00347148
9431,1964 December 4,01:31:54,36,-434,122,P,1.1193,0.7518,64.3N,173.3W,0,209,,,1964-12-04 01:31:54,1964-12-04T01:31:54.000,"(4461340.48313723, 919588.07009129, 4449530.22143979) m",252.966,0.657305,252.43,-0.00542016
9432,1965 May 30,21:17:31,36,-428,127,T,-0.4225,1.0544,2.5S,133.8W,65,347,198,05m15s,1965-05-30 21:17:31,1965-05-30T21:17:31.000,"(4461340.48313723, 919588.07009129, 4449530.22143979) m",69.2826,-1.22971,69.7046,0.00244661
9433,1965 November 23,04:14:51,36,-422,132,A,0.3906,0.9656,1.7N,119.8E,67,197,134,04m02s,1965-11-23 04:14:51,1965-11-23T04:14:51.000,"(4461340.48313723, 919588.07009129, 4449530.22143979) m",241.943,-0.0604727,241.144,-0.00519629
9434,1966 May 20,09:39:02,37,-416,137,A,0.3467,0.9991,39.2N,26.4E,70,158,3,00m05s,1966-05-20 09:39:02,1966-05-20T09:39:02.000,"(4461340.48313723, 919588.07009129, 4449530.22143979) m",59.5319,-0.128134,59.3923,0.00284172
9435,1966 November 12,14:23:28,37,-410,142,T,-0.33,1.0234,35.6S,48.2W,71,25,84,01m57s,1966-11-12 14:23:28,1966-11-12T14:23:28.000,"(4461340.48313723, 919588.07009129, 4449530.22143979) m",229.867,-1.25095,230.215,-0.00580548
9436,1967 May 9,14:42:48,38,-404,147,P,1.1422,0.7201,62.5N,168.1W,0,50,,,1967-05-09 14:42:48,1967-05-09T14:42:48.000,"(4461340.48313723, 919588.07009129, 4449530.22143979) m",48.0003,0.714454,48.7375,0.00265219
9437,1967 November 2,05:38:56,38,-398,152,T-,-1.0007,1.0126,62.0S,27.8W,0,122,-,-,1967-11-02 05:38:56,1967-11-02T05:38:56.000,"(4461340.48313723, 919588.07009129, 4449530.22143979) m",220.376,-1.47552,219.56,-0.00392726
9438,1968 March 28,23:00:30,38,-393,119,P,-1.037,0.899,61.0S,79.8W,0,277,,,1968-03-28 23:00:30,1968-03-28T23:00:30.000,"(4461340.48313723, 919588.07009129, 4449530.22143979) m",8.55557,-1.52415,8.76624,-0.000705925
9439,1968 September 22,11:18:46,39,-387,124,T,0.9451,1.0099,56.2N,64.0E,19,240,104,00m40s,1968-09-22 11:18:46,1968-09-22T11:18:46.000,"(4461340.48313723, 919588.07009129, 4449530.22143979) m",180.275,0.281339,179.94,-0.00164181
9440,1969 March 18,04:54:57,39,-381,129,A,-0.2704,0.9954,14.8S,116.3E,74,330,16,00m26s,1969-03-18 04:54:57,1969-03-18T04:54:57.000,"(4461340.48313723, 919588.07009129, 4449530.22143979) m",358.24,-1.14303,357.849,-0.00200945
9441,1969 September 11,19:58:59,40,-375,134,A,0.2201,0.9690000000000001,15.6N,114.1W,77,210,114,03m11s,1969-09-11 19:58:59,1969-09-11T19:58:59.000,"(4461340.48313723, 919588.07009129, 4449530.22143979) m",169.151,-0.610815,169.31,-0.00164465
9442,1970 March 7,17:38:30,40,-369,139,T,0.4473,1.0414,18.2N,94.7W,63,150,153,03m28s,1970-03-07 17:38:30,1970-03-07T17:38:30.000,"(4461340.48313723, 919588.07009129, 4449530.22143979) m",346.177,0.0861698,347.146,-0.0012597
9443,1970 August 31,21:55:30,41,-363,144,A,-0.5364,0.94,20.3S,164.0W,57,29,258,06m47s,1970-08-31 21:55:30,1970-08-31T21:55:30.000,"(4461340.48313723, 919588.07009129, 4449530.22143979) m",158.491,-1.2067,158.468,-0.00084502
9444,1971 February 25,09:38:07,41,-357,149,P,1.1188,0.7872,61.4N,33.5W,0,110,,,1971-02-25 09:38:07,1971-02-25T09:38:07.000,"(4461340.48313723, 919588.07009129, 4449530.22143979) m",336.44,0.264509,336.532,-0.00305331
9445,1971 July 22,09:31:55,42,-352,116,Pe,1.5130000000000001,0.0689,63.5N,177.0E,0,321,,,1971-07-22 09:31:55,1971-07-22T09:31:55.000,"(4461340.48313723, 919588.07009129, 4449530.22143979) m",119.853,1.08854,119.327,0.00209948
9446,1971 August 20,22:39:31,42,-351,154,P,-1.2659,0.508,61.7S,135.4E,0,63,,,1971-08-20 22:39:31,1971-08-20T22:39:31.000,"(4461340.48313723, 919588.07009129, 4449530.22143979) m",147.688,-1.88155,147.635,-0.00037184
9447,1972 January 16,11:03:22,42,-346,121,A,-0.9365,0.9692,74.9S,107.7E,20,263,321,01m53s,1972-01-16 11:03:22,1972-01-16T11:03:22.000,"(4461340.48313723, 919588.07009129, 4449530.22143979) m",295.796,-1.77122,295.802,-0.00534946
9448,1972 July 10,19:46:38,43,-340,126,T,0.6872,1.0379,63.5N,94.2W,46,209,175,02m36s,1972-07-10 19:46:38,1972-07-10T19:46:38.000,"(4461340.48313723, 919588.07009129, 4449530.22143979) m",108.619,-0.190913,108.993,0.00114937
9449,1973 January 4,15:46:21,43,-334,131,A,-0.2644,0.9303,37.9S,51.2W,74,346,271,07m49s,1973-01-04 15:46:21,1973-01-04T15:46:21.000,"(4461340.48313723, 919588.07009129, 4449530.22143979) m",283.896,-0.859882,284.532,-0.00511346
9450,1973 June 30,11:38:41,44,-328,136,T,-0.0785,1.0792,18.8N,5.6E,86,9,256,07m04s,1973-06-30 11:38:41,1973-06-30T11:38:41.000,"(4461340.48313723, 919588.07009129, 4449530.22143979) m",98.8459,-0.457294,98.8923,0.00261628
9451,1973 December 24,15:02:44,44,-322,141,A,0.4171,0.9174,1.1N,48.5W,65,174,345,12m02s,1973-12-24 15:02:44,1973-12-24T15:02:44.000,"(4461340.48313723, 919588.07009129, 4449530.22143979) m",272.437,-0.333215,273.025,-0.00542075
9452,1974 June 20,04:48:04,45,-316,146,T,-0.8239,1.0592,32.1S,103.7E,34,5,344,05m09s,1974-06-20 04:48:04,1974-06-20T04:48:04.000,"(4461340.48313723, 919588.07009129, 4449530.22143979) m",89.4816,-1.51719,88.8451,0.00173064
9453,1974 December 13,16:13:13,45,-310,151,P,1.0797,0.8266,66.8N,69.4W,0,176,,,1974-12-13 16:13:13,1974-12-13T16:13:13.000,"(4461340.48313723, 919588.07009129, 4449530.22143979) m",260.923,0.295015,261.614,-0.00520421
9454,1975 May 11,07:17:33,46,-305,118,P,1.0647,0.8636,69.7N,80.2W,0,28,,,1975-05-11 07:17:33,1975-05-11T07:17:33.000,"(4461340.48313723, 919588.07009129, 4449530.22143979) m",50.8471,0.347166,50.3305,0.000935481
9455,1975 November 3,13:15:54,46,-299,123,P,-1.0248,0.9588,70.4S,161.7W,0,141,,,1975-11-03 13:15:54,1975-11-03T13:15:54.000,"(4461340.48313723, 919588.07009129, 4449530.22143979) m",220.804,-1.95891,220.826,-0.0043743
9456,1976 April 29,10:24:18,47,-293,128,A,0.3378,0.9421,34.0N,18.3E,70,165,227,06m41s,1976-04-29 10:24:18,1976-04-29T10:24:18.000,"(4461340.48313723, 919588.07009129, 4449530.22143979) m",39.5663,-0.166901,39.5499,0.000840638
9457,1976 October 23,05:13:45,47,-287,133,T,-0.327,1.0572,30.0S,92.3E,71,17,199,04m46s,1976-10-23 05:13:45,1976-10-23T05:13:45.000,"(4461340.48313723, 919588.07009129, 4449530.22143979) m",211.215,-0.740503,210.248,-0.0027549
9458,1977 April 18,10:31:30,48,-281,138,A,-0.39899999999999997,0.9449,11.9S,28.3E,66,345,220,07m04s,1977-04-18 10:31:30,1977-04-18T10:31:30.000,"(4461340.48313723, 919588.07009129, 4449530.22143979) m",28.4828,-0.880275,28.5842,0.000169978
9459,1977 October 12,20:27:27,48,-275,143,T,0.3836,1.0269,14.1N,123.6W,67,197,99,02m37s,1977-10-12 20:27:27,1977-10-12T20:27:27.000,"(4461340.48313723, 919588.07009129, 4449530.22143979) m",199.504,-0.350968,199.703,-0.00305428
9460,1978 April 7,15:03:47,49,-269,148,P,-1.1081,0.7883,71.9S,23.3E,0,293,,,1978-04-07 15:03:47,1978-04-07T15:03:47.000,"(4461340.48313723, 919588.07009129, 4449530.22143979) m",16.8712,-1.40561,17.7339,0.000183673
9461,1978 October 2,06:28:43,49,-263,153,P,1.1616,0.6905,72.0N,159.6E,0,259,,,1978-10-02 06:28:43,1978-10-02T06:28:43.000,"(4461340.48313723, 919588.07009129, 4449530.22143979) m",189.748,0.716856,189.009,-0.0017586
9462,1979 February 26,16:55:06,50,-258,120,T,0.8981,1.0391,52.1N,94.5W,26,153,298,02m49s,1979-02-26 16:55:06,1979-02-26T16:55:06.000,"(4461340.48313723, 919588.07009129, 4449530.22143979) m",336.947,0.508388,337.785,-0.00182649
9463,1979 August 22,17:22:38,50,-252,125,A,-0.9632,0.9329,59.6S,108.5W,15,29,953,06m03s,1979-08-22 17:22:38,1979-08-22T17:22:38.000,"(4461340.48313723, 919588.07009129, 4449530.22143979) m",149.008,-1.66375,149.301,-0.00117643
9464,1980 February 16,08:54:01,51,-246,130,T,0.2224,1.0434,0.1S,47.1E,77,166,149,04m08s,1980-02-16 08:54:01,1980-02-16T08:54:01.000,"(4461340.48313723, 919588.07009129, 4449530.22143979) m",327.291,-0.703417,327.116,-0.00336621
9465,1980 August 10,19:12:21,51,-240,135,A,-0.1915,0.9727,4.6N,108.9W,79,12,100,03m23s,1980-08-10 19:12:21,1980-08-10T19:12:21.000,"(4461340.48313723, 919588.07009129, 4449530.22143979) m",138.24,-1.02109,138.549,-0.00068823
9466,1981 February 4,22:09:24,51,-234,140,A,-0.4838,0.9937,44.4S,140.8W,61,344,25,00m33s,1981-02-04 22:09:24,1981-02-04T22:09:24.000,"(4461340.48313723, 919588.07009129, 4449530.22143979) m",315.892,-0.837499,316.286,-0.00250065
9467,1981 July 31,03:46:37,52,-228,145,T,0.5792,1.0258,53.3N,134.1E,54,195,108,02m02s,1981-07-31 03:46:37,1981-07-31T03:46:37.000,"(4461340.48313723, 919588.07009129, 4449530.22143979) m",128.865,0.0199827,128.11,0.000460676
9468,1982 January 25,04:42:53,52,-222,150,P,-1.2311,0.5663,69.3S,91.7W,0,203,,,1982-01-25 04:42:53,1982-01-25T04:42:53.000,"(4461340.48313723, 919588.07009129, 4449530.22143979) m",305.52,-1.8233,305.136,-0.00371084
9469,1982 June 21,12:04:33,53,-217,117,P,-1.2102,0.6168,65.9S,13.2E,0,347,,,1982-06-21 12:04:33,1982-06-21T12:04:33.000,"(4461340.48313723, 919588.07009129, 4449530.22143979) m",90.0021,-1.62338,90.0342,0.00132415
9470,1982 July 20,18:44:44,53,-216,155,P,1.2886,0.4643,68.6N,64.2E,0,345,,,1982-07-20 18:44:44,1982-07-20T18:44:44.000,"(4461340.48313723, 919588.07009129, 4449530.22143979) m",117.325,0.428357,117.954,-0.000126767
9471,1982 December 15,09:32:09,53,-211,122,P,1.1293,0.735,65.3N,56.9E,0,199,,,1982-12-15 09:32:09,1982-12-15T09:32:09.000,"(4461340.48313723, 919588.07009129, 4449530.22143979) m",263.735,0.21424,263.32,-0.00437351
9472,1983 June 11,04:43:33,53,-205,127,T,-0.4947,1.0524,6.2S,114.2E,60,351,199,05m11s,1983-06-11 04:43:33,1983-06-11T04:43:33.000,"(4461340.48313723, 919588.07009129, 4449530.22143979) m",80.6592,-1.22167,79.9502,0.000426874
9473,1983 December 4,12:31:15,54,-199,132,A,0.4015,0.9666,0.9N,4.7W,66,192,131,04m01s,1983-12-04 12:31:15,1983-12-04T12:31:15.000,"(4461340.48313723, 919588.07009129, 4449530.22143979) m",251.918,-0.502417,252.008,-0.00420312
9474,1984 May 30,16:45:41,54,-193,137,A,0.2755,0.998,37.5N,76.7W,74,163,7,00m11s,1984-05-30 16:45:41,1984-05-30T16:45:41.000,"(4461340.48313723, 919588.07009129, 4449530.22143979) m",68.8771,-0.217508,69.6523,0.000816896
9475,1984 November 22,22:54:17,54,-187,142,T,-0.3132,1.0237,37.8S,173.6W,72,21,85,02m00s,1984-11-22 22:54:17,1984-11-22T22:54:17.000,"(4461340.48313723, 919588.07009129, 4449530.22143979) m",241.085,-0.701631,241.043,-0.00287224
9476,1985 May 19,21:29:38,55,-181,147,P,1.072,0.8406,63.2N,81.1E,0,41,,,1985-05-19 21:29:38,1985-05-19T21:29:38.000,"(4461340.48313723, 919588.07009129, 4449530.22143979) m",58.5055,0.250777,59.031,-0.00016686
9477,1985 November 12,14:11:27,55,-175,152,T,-0.9795,1.0388,68.6S,142.6W,11,111,690,01m59s,1985-11-12 14:11:27,1985-11-12T14:11:27.000,"(4461340.48313723, 919588.07009129, 4449530.22143979) m",229.94,-1.94952,230.335,-0.0038968
9478,1986 April 9,06:21:22,55,-170,119,P,-1.0822,0.8236,61.2S,161.4E,0,286,,,1986-04-09 06:21:22,1986-04-09T06:21:22.000,"(4461340.48313723, 919588.07009129, 4449530.22143979) m",19.7576,-1.79419,19.3013,-0.00145807
9479,1986 October 3,19:06:15,55,-164,124,H,0.9931,1.0,59.9N,37.1W,5,252,1,00m00s,1986-10-03 19:06:15,1986-10-03T19:06:15.000,"(4461340.48313723, 919588.07009129, 4449530.22143979) m",190.268,0.124237,190.455,-0.00266449
9480,1987 March 29,12:49:47,55,-158,129,H,-0.3053,1.0013,12.3S,2.3W,72,331,5,00m08s,1987-03-29 12:49:47,1987-03-29T12:49:47.000,"(4461340.48313723, 919588.07009129, 4449530.22143979) m",8.01054,-0.780139,8.4745,-0.000881464
9481,1987 September 23,03:12:22,56,-152,134,A,0.2787,0.9634,14.3N,138.4E,74,210,137,03m49s,1987-09-23 03:12:22,1987-09-23T03:12:22.000,"(4461340.48313723, 919588.07009129, 4449530.22143979) m",180.556,-0.106478,179.739,-0.00118512
9482,1988 March 18,01:58:56,56,-146,139,T,0.4188,1.0464,20.7N,140.0E,65,149,169,03m46s,1988-03-18 01:58:56,1988-03-18T01:58:56.000,"(4461340.48313723, 919588.07009129, 4449530.22143979) m",357.963,-0.395677,357.854,-0.00165692
9483,1988 September 11,04:44:29,56,-140,144,A,-0.4681,0.9377,20.0S,94.4E,62,31,258,06m57s,1988-09-11 04:44:29,1988-09-11T04:44:29.000,"(4461340.48313723, 919588.07009129, 4449530.22143979) m",169.62,-0.74883,168.822,-0.000893015
9484,1989 March 7,18:08:41,56,-134,149,P,1.0981,0.8268,61.2N,169.8W,0,101,,,1989-03-07 18:08:41,1989-03-07T18:08:41.000,"(4461340.48313723, 919588.07009129, 4449530.22143979) m",346.27,0.749169,347.295,-0.00105869
9485,1989 August 31,05:31:47,57,-128,154,P,-1.1928,0.6344,61.3S,23.6E,0,72,,,1989-08-31 05:31:47,1989-08-31T05:31:47.000,"(4461340.48313723, 919588.07009129, 4449530.22143979) m",158.675,-1.42401,157.937,-0.000509436
9486,1990 January 26,19:31:24,57,-123,121,A,-0.9457,0.9670000000000001,71.0S,22.2W,18,266,373,02m03s,1990-01-26 19:31:24,1990-01-26T19:31:24.000,"(4461340.48313723, 919588.07009129, 4449530.22143979) m",306.132,-1.24176,306.721,-0.00183901
9487,1990 July 22,03:03:07,57,-117,126,T,0.7597,1.0391,65.2N,168.9E,40,222,201,02m33s,1990-07-22 03:03:07,1990-07-22T03:03:07.000,"(4461340.48313723, 919588.07009129, 4449530.22143979) m",120.012,0.0983423,119.198,-0.000673262
9488,1991 January 15,23:53:51,58,-111,131,A,-0.2727,0.929,36.4S,170.4W,74,341,277,07m53s,1991-01-15 23:53:51,1991-01-15T23:53:51.000,"(4461340.48313723, 919588.07009129, 4449530.22143979) m",295.506,-0.608741,295.453,-0.00198193
9489,1991 July 11,19:07:01,58,-105,136,Tm,-0.0041,1.08,22.0N,105.2W,90,30,258,06m53s,1991-07-11 19:07:01,1991-07-11T19:07:01.000,"(4461340.48313723, 919588.07009129, 4449530.22143979) m",108.57,-0.871479,109.093,-0.000833868
9490,1992 January 4,23:05:37,58,-99,141,A,0.4091,0.9179,1.0N,169.7W,66,169,340,11m41s,1992-01-04 23:05:37,1992-01-04T23:05:37.000,"(4461340.48313723, 919588.07009129, 4449530.22143979) m",283.856,0.0389552,283.953,-0.0019021
9491,1992 June 30,12:11:22,59,-93,146,T,-0.7512,1.0592,25.2S,9.5W,41,10,294,05m21s,1992-06-30 12:11:22,1992-06-30T12:11:22.000,"(4461340.48313723, 919588.07009129, 4449530.22143979) m",98.825,-1.15259,99.0369,6.11889e-05
9492,1992 December 24,00:31:41,59,-87,151,P,1.0711,0.8422,65.7N,155.7E,0,165,,,1992-12-24 00:31:41,1992-12-24T00:31:41.000,"(4461340.48313723, 919588.07009129, 4449530.22143979) m",272.67,0.630869,272.544,-0.00187878
9493,1993 May 21,14:20:15,59,-82,118,P,1.1372,0.7352,68.8N,162.3E,0,17,,,1993-05-21 14:20:15,1993-05-21T14:20:15.000,"(4461340.48313723, 919588.07009129, 4449530.22143979) m",60.1477,0.719465,60.6165,-0.000206957
9494,1993 November 13,21:45:51,60,-76,123,P,-1.0411,0.9279999999999999,69.6S,58.3E,0,153,,,1993-11-13 21:45:51,1993-11-13T21:45:51.000,"(4461340.48313723, 919588.07009129, 4449530.22143979) m",231.629,-1.51916,231.613,-0.00196111
9495,1994 May 10,17:12:27,60,-70,128,A,0.4077,0.9431,41.5N,84.1W,66,168,230,06m13s,1994-05-10 17:12:27,1994-05-10T17:12:27.000,"(4461340.48313723, 919588.07009129, 4449530.22143979) m",49.1423,-0.0418149,49.8801,-0.000552947
9496,1994 November 3,13:40:06,61,-64,133,T,-0.3522,1.0535,35.4S,34.2W,69,15,189,04m23s,1994-11-03 13:40:06,1994-11-03T13:40:06.000,"(4461340.48313723, 919588.07009129, 4449530.22143979) m",220.822,-1.3053,220.972,-0.00268761
9497,1995 April 29,17:33:20,61,-58,138,A,-0.3382,0.9497,4.8S,79.4W,70,348,196,06m37s,1995-04-29 17:33:20,1995-04-29T17:33:20.000,"(4461340.48313723, 919588.07009129, 4449530.22143979) m",38.159,-0.697599,38.9942,-0.000620979
9498,1995 October 24,04:33:30,61,-52,143,T,0.3518,1.0213,8.4N,113.2E,69,195,78,02m10s,1995-10-24 04:33:30,1995-10-24T04:33:30.000,"(4461340.48313723, 919588.07009129, 4449530.22143979) m",211.206,-0.0270045,210.348,-0.00106562
9499,1996 April 17,22:38:12,62,-46,148,P,-1.058,0.8799,71.3S,104.0W,0,306,,,1996-04-17 22:38:12,1996-04-17T22:38:12.000,"(4461340.48313723, 919588.07009129, 4449530.22143979) m",27.7741,-1.67769,28.2328,-0.00139573
9500,1996 October 12,14:03:04,62,-40,153,P,1.1227,0.7575,71.7N,32.1E,0,245,,,1996-10-12 14:03:04,1996-10-12T14:03:04.000,"(4461340.48313723, 919588.07009129, 4449530.22143979) m",199.291,0.207782,199.562,-0.00257023
9501,1997 March 9,01:24:51,62,-35,120,T,0.9183,1.042,57.8N,130.7E,23,146,356,02m50s,1997-03-09 01:24:51,1997-03-09T01:24:51.000,"(4461340.48313723, 919588.07009129, 4449530.22143979) m",348.732,0.17584,348.553,-0.00174963
9502,1997 September 2,00:04:48,63,-29,125,P,-1.0352,0.8988,71.8S,114.3E,0,64,,,1997-09-02 00:04:48,1997-09-02T00:04:48.000,"(4461340.48313723, 919588.07009129, 4449530.22143979) m",160.095,-1.51174,159.6,-0.00170269
9503,1998 February 26,17:29:27,63,-23,130,T,0.2391,1.0441,4.7N,82.7W,76,164,151,04m09s,1998-02-26 17:29:27,1998-02-26T17:29:27.000,"(4461340.48313723, 919588.07009129, 4449530.22143979) m",337.038,-0.138472,337.934,-0.000896695
9504,1998 August 22,02:07:11,63,-17,135,A,-0.2644,0.9734,3.0S,145.4E,75,14,99,03m14s,1998-08-22 02:07:11,1998-08-22T02:07:11.000,"(4461340.48313723, 919588.07009129, 4449530.22143979) m",149.523,-0.769165,148.819,-0.00137447
9505,1999 February 16,06:34:38,63,-11,140,A,-0.4726,0.9928,39.8S,93.9E,62,342,29,00m40s,1999-02-16 06:34:38,1999-02-16T06:34:38.000,"(4461340.48313723, 919588.07009129, 4449530.22143979) m",327.487,-1.34415,327.143,-0.00246872
9506,1999 August 11,11:04:09,64,-5,145,T,0.5062,1.0286,45.1N,24.3E,59,197,112,02m23s,1999-08-11 11:04:09,1999-08-11T11:04:09.000,"(4461340.48313723, 919588.07009129, 4449530.22143979) m",138.507,0.0566527,138.355,-0.00105195
9507,2000 February 5,12:50:27,64,1,150,P,-1.2233,0.5795,70.2S,134.1E,0,215,,,2000-02-05 12:50:27,2000-02-05T12:50:27.000,"(4461340.48313723, 919588.07009129, 4449530.22143979) m",315.459,-1.80978,316.019,-0.00187394
9508,2000 July 1,19:33:34,64,6,117,P,-1.2821,0.4768,66.9S,109.5W,0,358,,,2000-07-01 19:33:34,2000-07-01T19:33:34.000,"(4461340.48313723, 919588.07009129, 4449530.22143979) m",99.8308,-2.15784,100.236,-0.00218175
9509,2000 July 31,02:14:08,64,7,155,P,1.2166,0.6034,69.5N,59.9W,0,333,,,2000-07-31 02:14:08,2000-07-31T02:14:08.000,"(4461340.48313723, 919588.07009129, 4449530.22143979) m",128.766,0.547319,128.178,-0.00171175
9510,2000 December 25,17:35:57,64,12,122,P,1.1367,0.7228,66.3N,74.1W,0,189,,,2000-12-25 17:35:57,2000-12-25T17:35:57.000,"(4461340.48313723, 919588.07009129, 4449530.22143979) m",273.683,0.484462,274.23,-0.00128873
9511,2001 June 21,12:04:46,64,18,127,T,-0.5701,1.0495,11.3S,2.7E,55,355,200,04m57s,2001-06-21 12:04:46,2001-06-21T12:04:46.000,"(4461340.48313723, 919588.07009129, 4449530.22143979) m",90.0675,-0.940262,90.1572,-0.00118323
9512,2001 December 14,20:53:01,64,24,132,A,0.4089,0.9681,0.6N,130.7W,66,188,126,03m53s,2001-12-14 20:53:01,2001-12-14T20:53:01.000,"(4461340.48313723, 919588.07009129, 4449530.22143979) m",262.607,-0.0206977,262.91,-0.00081474
9513,2002 June 10,23:45:22,64,30,137,A,0.1993,0.9962,34.5N,178.6W,78,169,13,00m23s,2002-06-10 23:45:22,2002-06-10T23:45:22.000,"(4461340.48313723, 919588.07009129, 4449530.22143979) m",79.8897,-0.681454,79.8715,-0.00252683
9514,2002 December 4,07:32:16,64,36,142,T,-0.302,1.0244,39.5S,59.6E,72,16,87,02m04s,2002-12-04 07:32:16,2002-12-04T07:32:16.000,"(4461340.48313723, 919588.07009129, 4449530.22143979) m",252.58,-1.02895,251.928,-0.00138598
9515,2003 May 31,04:09:22,64,42,147,An,0.996,0.9384,66.6N,24.5W,3,35,-,03m37s,2003-05-31 04:09:22,2003-05-31T04:09:22.000,"(4461340.48313723, 919588.07009129, 4449530.22143979) m",69.7146,0.158697,69.2775,-0.00238554
9516,2003 November 23,22:50:22,64,48,152,T,-0.9638,1.0379,72.7S,88.4E,15,111,495,01m57s,2003-11-23 22:50:22,2003-11-23T22:50:22.000,"(4461340.48313723, 919588.07009129, 4449530.22143979) m",241.14,-1.36941,241.172,-0.000521027
9517,2004 April 19,13:35:05,65,53,119,P,-1.1335,0.7367,61.6S,44.3E,0,295,,,2004-04-19 13:35:05,2004-04-19T13:35:05.000,"(4461340.48313723, 919588.07009129, 4449530.22143979) m",29.33,-1.40448,29.7649,-0.00129789
9518,2004 October 14,03:00:23,65,59,124,P,1.0348,0.9282,61.2N,153.7W,0,253,,,2004-10-14 03:00:23,2004-10-14T03:00:23.000,"(4461340.48313723, 919588.07009129, 4449530.22143979) m",201.936,0.643879,201.043,-0.000479926
9519,2005 April 8,20:36:51,65,65,129,H,-0.3473,1.0074,10.6S,119.0W,70,332,27,00m42s,2005-04-08 20:36:51,2005-04-08T20:36:51.000,"(4461340.48313723, 919588.07009129, 4449530.22143979) m",18.3847,-0.844622,19.0246,-0.00153879
9520,2005 October 3,10:32:47,65,71,134,A,0.3306,0.9576,12.9N,28.7E,71,209,162,04m32s,2005-10-03 10:32:47,2005-10-03T10:32:47.000,"(4461340.48313723, 919588.07009129, 4449530.22143979) m",190.623,-0.301326,190.234,-0.00119614
9521,2006 March 29,10:12:23,65,77,139,T,0.3843,1.0515,23.2N,16.7E,67,149,184,04m07s,2006-03-29 10:12:23,2006-03-29T10:12:23.000,"(4461340.48313723, 919588.07009129, 4449530.22143979) m",8.38847,-0.308024,8.49118,-0.00192056
9522,2006 September 22,11:41:16,65,83,144,A,-0.4062,0.9352,20.6S,9.1W,66,31,261,07m09s,2006-09-22 11:41:16,2006-09-22T11:41:16.000,"(4461340.48313723, 919588.07009129, 4449530.22143979) m",179.366,-0.985719,179.235,-0.00151912
9523,2007 March 19,02:32:57,65,89,149,P,1.0728,0.8756,61.0N,55.5E,0,92,,,2007-03-19 02:32:57,2007-03-19T02:32:57.000,"(4461340.48313723, 919588.07009129, 4449530.22143979) m",358.125,0.224523,358.006,-0.00203008
9524,2007 September 11,12:32:24,66,95,154,P,-1.1255,0.7507,61.0S,90.2W,0,80,,,2007-09-11 12:32:24,2007-09-11T12:32:24.000,"(4461340.48313723, 919588.07009129, 4449530.22143979) m",168.214,-1.67799,168.289,-0.00193041
9525,2008 February 7,03:56:10,66,100,121,A,-0.9570000000000001,0.965,67.6S,150.5W,16,269,444,02m12s,2008-02-07 03:56:10,2008-02-07T03:56:10.000,"(4461340.48313723, 919588.07009129, 4449530.22143979) m",318.143,-1.62602,317.625,-0.00114123
9526,2008 August 1,10:22:12,66,106,126,T,0.8307,1.0394,65.7N,72.3E,34,235,237,02m27s,2008-08-01 10:22:12,2008-08-01T10:22:12.000,"(4461340.48313723, 919588.07009129, 4449530.22143979) m",129.795,0.438417,129.41,-0.00177957
9527,2009 January 26,07:59:45,66,112,131,A,-0.282,0.9282,34.1S,70.2E,73,337,280,07m54s,2009-01-26 07:59:45,2009-01-26T07:59:45.000,"(4461340.48313723, 919588.07009129, 4449530.22143979) m",306.712,-1.08956,306.367,-0.00149031
9528,2009 July 22,02:36:25,66,118,136,T,0.0698,1.0799,24.2N,144.1E,86,198,258,06m39s,2009-07-22 02:36:25,2009-07-22T02:36:25.000,"(4461340.48313723, 919588.07009129, 4449530.22143979) m",120.031,-0.630097,119.304,-0.00257358
9529,2010 January 15,07:07:39,67,124,141,A,0.4002,0.919,1.6N,69.3E,66,165,333,11m08s,2010-01-15 07:07:39,2010-01-15T07:07:39.000,"(4461340.48313723, 919588.07009129, 4449530.22143979) m",295.288,-0.422317,294.873,-0.00102926
9530,2010 July 11,19:34:38,67,130,146,T,-0.6788,1.058,19.7S,121.9W,47,14,259,05m20s,2010-07-11 19:34:38,2010-07-11T19:34:38.000,"(4461340.48313723, 919588.07009129, 4449530.22143979) m",108.707,-1.55456,109.236,-0.00332425
9531,2011 January 4,08:51:42,67,136,151,P,1.0627,0.8576,64.7N,20.8E,0,155,,,2011-01-04 08:51:42,2011-01-04T08:51:42.000,"(4461340.48313723, 919588.07009129, 4449530.22143979) m",283.702,0.144254,283.477,-0.000764104
9532,2011 June 1,21:17:18,67,141,118,P,1.213,0.601,67.8N,46.8E,0,6,,,2011-06-01 21:17:18,2011-06-01T21:17:18.000,"(4461340.48313723, 919588.07009129, 4449530.22143979) m",70.5654,0.347357,70.872,-0.00349659
9533,2011 July 1,08:39:30,67,142,156,Pb,-1.4917,0.0971,65.2S,28.6E,0,21,,,2011-07-01 08:39:30,2011-07-01T08:39:30.000,"(4461340.48313723, 919588.07009129, 4449530.22143979) m",99.3696,-1.81927,99.0288,-0.00259001
9534,2011 November 25,06:21:24,68,147,123,P,-1.0536,0.9047,68.6S,82.4W,0,165,,,2011-11-25 06:21:24,2011-11-25T06:21:24.000,"(4461340.48313723, 919588.07009129, 4449530.22143979) m",243.371,-1.65757,242.449,7.63969e-05
9535,2012 May 20,23:53:54,68,153,128,A,0.4828,0.9439,49.1N,176.3E,61,171,237,05m46s,2012-05-20 23:53:54,2012-05-20T23:53:54.000,"(4461340.48313723, 919588.07009129, 4449530.22143979) m",60.1675,-0.384296,60.1654,-0.00371395
9536,2012 November 13,22:12:55,68,159,133,T,-0.3719,1.05,40.0S,161.3W,68,11,179,04m02s,2012-11-13 22:12:55,2012-11-13T22:12:55.000,"(4461340.48313723, 919588.07009129, 4449530.22143979) m",231.784,-0.83665,231.758,0.000347449
9537,2013 May 10,00:26:20,68,165,138,A,-0.2694,0.9544,2.2N,175.5E,74,350,173,06m03s,2013-05-10 00:26:20,2013-05-10T00:26:20.000,"(4461340.48313723, 919588.07009129, 4449530.22143979) m",49.3042,-1.05883,49.329,-0.00359802
9538,2013 November 3,12:47:36,68,171,143,H3,0.3272,1.0159,3.5N,11.7W,71,192,58,01m40s,2013-11-03 12:47:36,2013-11-03T12:47:36.000,"(4461340.48313723, 919588.07009129, 4449530.22143979) m",220.986,-0.570107,221.062,-0.00116463
9539,2014 April 29,06:04:33,69,177,148,A-,-1.0,0.9868,70.6S,131.3E,0,319,-,-,2014-04-29 06:04:33,2014-04-29T06:04:33.000,"(4461340.48313723, 919588.07009129, 4449530.22143979) m",39.0039,-1.7484,38.6515,-0.00329563
9540,2014 October 23,21:45:39,69,183,153,P,1.0908,0.8114,71.2N,97.2W,0,231,,,2014-10-23 21:45:39,2014-10-23T21:45:39.000,"(4461340.48313723, 919588.07009129, 4449530.22143979) m",210.091,0.456786,210.196,-0.000211696
9541,2015 March 20,09:46:47,69,188,120,T,0.9454,1.0445,64.4N,6.6W,18,135,463,02m47s,2015-03-20 09:46:47,2015-03-20T09:46:47.000,"(4461340.48313723, 919588.07009129, 4449530.22143979) m",359.333,0.187081,359.245,-0.00204773
9542,2015 September 13,06:55:19,69,194,125,P,-1.1004,0.7875,72.1S,2.3W,0,77,,,2015-09-13 06:55:19,2015-09-13T06:55:19.000,"(4461340.48313723, 919588.07009129, 4449530.22143979) m",170.838,-1.32198,169.96,-0.00118225
9543,2016 March 9,01:58:19,70,200,130,T,0.2609,1.045,10.1N,148.8E,75,162,155,04m09s,2016-03-09 01:58:19,2016-03-09T01:58:19.000,"(4461340.48313723, 919588.07009129, 4449530.22143979) m",348.891,-0.518791,348.702,-0.00169628
9544,2016 September 1,09:08:02,70,206,135,A,-0.33299999999999996,0.9736,10.7S,37.8E,70,16,100,03m06s,2016-09-01 09:08:02,2016-09-01T09:08:02.000,"(4461340.48313723, 919588.07009129, 4449530.22143979) m",159.699,-0.706601,159.122,-0.00143723
9545,2017 February 26,14:54:33,70,212,140,A,-0.4578,0.9922,34.7S,31.2W,63,340,31,00m44s,2017-02-26 14:54:33,2017-02-26T14:54:33.000,"(4461340.48313723, 919588.07009129, 4449530.22143979) m",337.141,-0.917535,337.955,-0.000661592
9546,2017 August 21,18:26:40,70,218,145,T,0.4367,1.0306,37.0N,87.7W,64,198,115,02m40s,2017-08-21 18:26:40,2017-08-21T18:26:40.000,"(4461340.48313723, 919588.07009129, 4449530.22143979) m",148.222,-0.475672,148.631,-0.0032753
9547,2018 February 15,20:52:33,71,224,150,P,-1.2116,0.5991,71.0S,0.6E,0,228,,,2018-02-15 20:52:33,2018-02-15T20:52:33.000,"(4461340.48313723, 919588.07009129, 4449530.22143979) m",326.214,-1.42922,326.866,0.000296669
9548,2018 July 13,03:02:16,71,229,117,P,-1.3542,0.3365,67.9S,127.4E,0,8,,,2018-07-13 03:02:16,2018-07-13T03:02:16.000,"(4461340.48313723, 919588.07009129, 4449530.22143979) m",111.297,-2.08518,110.439,-0.0040327
9549,2018 August 11,09:47:28,71,230,155,P,1.1476,0.7368,70.4N,174.5E,0,321,,,2018-08-11 09:47:28,2018-08-11T09:47:28.000,"(4461340.48313723, 919588.07009129, 4449530.22143979) m",138.758,0.775228,138.429,-0.00237151
9550,2019 January 6,01:42:38,71,235,122,P,1.1417,0.7145,67.4N,153.6E,0,178,,,2019-01-06 01:42:38,2019-01-06T01:42:38.000,"(4461340.48313723, 919588.07009129, 4449530.22143979) m",285.602,0.598002,285.163,0.00129372
9551,2019 July 2,19:24:08,71,241,127,T,-0.6466,1.0459,17.4S,109.0W,50,359,201,04m33s,2019-07-02 19:24:08,2019-07-02T19:24:08.000,"(4461340.48313723, 919588.07009129, 4449530.22143979) m",99.8932,-1.46683,100.358,-0.00455697
9552,2019 December 26,05:18:53,72,247,132,A,0.4135,0.9701,1.0N,102.3E,66,184,118,03m40s,2019-12-26 05:18:53,2019-12-26T05:18:53.000,"(4461340.48313723, 919588.07009129, 4449530.22143979) m",274.545,-0.242782,273.841,0.000968835
9553,2020 June 21,06:41:15,72,253,137,Am,0.1209,0.9940000000000001,30.5N,79.7E,83,174,21,00m38s,2020-06-21 06:41:15,2020-06-21T06:41:15.000,"(4461340.48313723, 919588.07009129, 4449530.22143979) m",90.7017,-0.395404,90.0729,-0.00395902
9554,2020 December 14,16:14:39,72,259,142,T,-0.2939,1.0254,40.3S,67.9W,73,10,90,02m10s,2020-12-14 16:14:39,2020-12-14T16:14:39.000,"(4461340.48313723, 919588.07009129, 4449530.22143979) m",262.168,-1.03172,262.843,0.000778796
9555,2021 June 10,10:43:07,72,265,147,A,0.9152,0.9435,80.8N,66.8W,23,90,527,03m51s,2021-06-10 10:43:07,2021-06-10T10:43:07.000,"(4461340.48313723, 919588.07009129, 4449530.22143979) m",79.4654,0.491391,79.4802,-0.00352506
9556,2021 December 4,07:34:38,73,271,152,T,-0.9526,1.0367,76.8S,46.2W,17,115,419,01m54s,2021-12-04 07:34:38,2021-12-04T07:34:38.000,"(4461340.48313723, 919588.07009129, 4449530.22143979) m",252.653,-1.71865,252.057,0.000812117
9557,2022 April 30,20:42:36,73,276,119,P,-1.1901,0.6396,62.1S,71.5W,0,304,,,2022-04-30 20:42:36,2022-04-30T20:42:36.000,"(4461340.48313723, 919588.07009129, 4449530.22143979) m",39.6779,-1.67451,40.1696,-0.00364426
9558,2022 October 25,11:01:20,73,282,124,P,1.0701,0.8619,61.6N,77.4E,0,244,,,2022-10-25 11:01:20,2022-10-25T11:01:20.000,"(4461340.48313723, 919588.07009129, 4449530.22143979) m",212.075,0.272171,211.692,-0.000165518
9559,2023 April 20,04:17:56,73,288,129,H,-0.3952,1.0132,9.6S,125.8E,67,334,49,01m16s,2023-04-20 04:17:56,2023-04-20T04:17:56.000,"(4461340.48313723, 919588.07009129, 4449530.22143979) m",29.9474,-1.27174,29.5146,-0.00402046
9560,2023 October 14,18:00:41,74,294,134,A,0.3753,0.9520000000000001,11.4N,83.1W,68,208,187,05m17s,2023-10-14 18:00:41,2023-10-14T18:00:41.000,"(4461340.48313723, 919588.07009129, 4449530.22143979) m",200.482,-0.458249,200.795,-0.000729543
9561,2024 April 8,18:18:29,74,300,139,T,0.3431,1.0566,25.3N,104.1W,70,149,198,04m28s,2024-04-08 18:18:29,2024-04-08T18:18:29.000,"(4461340.48313723, 919588.07009129, 4449530.22143979) m",18.1138,-0.0641728,19.0552,-0.00233801
9562,2024 October 2,18:46:13,74,306,144,A,-0.3509,0.9326,22.0S,114.5W,69,31,266,07m25s,2024-10-02 18:46:13,2024-10-02T18:46:13.000,"(4461340.48313723, 919588.07009129, 4449530.22143979) m",189.398,-1.09082,189.712,-0.00115611
9563,2025 March 29,10:48:36,75,312,149,P,1.0405,0.9376,61.1N,77.1W,0,83,,,2025-03-29 10:48:36,2025-03-29T10:48:36.000,"(4461340.48313723, 919588.07009129, 4449530.22143979) m",8.36677,0.411441,8.6382,-0.00238532
9564,2025 September 21,19:43:04,75,318,154,P,-1.0651,0.855,60.9S,153.5E,0,89,,,2025-09-21 19:43:04,2025-09-21T19:43:04.000,"(4461340.48313723, 919588.07009129, 4449530.22143979) m",178.419,-1.7546,178.713,-0.00208771
9565,2026 February 17,12:13:06,75,323,121,A,-0.9743,0.963,64.7S,86.8E,12,268,616,02m20s,2026-02-17 12:13:06,2026-02-17T12:13:06.000,"(4461340.48313723, 919588.07009129, 4449530.22143979) m",328.164,-1.62099,328.465,-0.000225886
9566,2026 August 12,17:47:06,75,329,126,T,0.8977,1.0386,65.2N,25.2W,26,248,294,02m18s,2026-08-12 17:47:06,2026-08-12T17:47:06.000,"(4461340.48313723, 919588.07009129, 4449530.22143979) m",139.308,0.00313072,139.661,-0.00395629
9567,2027 February 6,16:00:48,76,335,131,A,-0.2952,0.9281,31.3S,48.5W,73,334,282,07m51s,2027-02-06 16:00:48,2027-02-06T16:00:48.000,"(4461340.48313723, 919588.07009129, 4449530.22143979) m",316.5,-0.721429,317.242,0.00101361
9568,2027 August 2,10:07:50,76,341,136,T,0.1421,1.079,25.5N,33.2E,82,202,258,06m23s,2027-08-02 10:07:50,2027-08-02T10:07:50.000,"(4461340.48313723, 919588.07009129, 4449530.22143979) m",129.9,-0.253336,129.527,-0.00346577
9569,2028 January 26,15:08:59,76,347,141,A,0.3901,0.9208,3.0N,51.5W,67,161,323,10m27s,2028-01-26 15:08:59,2028-01-26T15:08:59.000,"(4461340.48313723, 919588.07009129, 4449530.22143979) m",305.06,-0.205657,305.779,0.00115957
9570,2028 July 22,02:56:40,77,353,146,T,-0.6056,1.056,15.6S,126.7E,53,17,230,05m10s,2028-07-22 02:56:40,2028-07-22T02:56:40.000,"(4461340.48313723, 919588.07009129, 4449530.22143979) m",120.121,-1.26534,119.437,-0.00460085
9571,2029 January 14,17:13:48,77,359,151,P,1.0553,0.8714,63.7N,114.2W,0,145,,,2029-01-14 17:13:48,2029-01-14T17:13:48.000,"(4461340.48313723, 919588.07009129, 4449530.22143979) m",293.563,0.495481,294.415,0.00211126
9572,2029 June 12,04:06:13,77,364,118,P,1.2943,0.4576,66.8N,66.2W,0,355,,,2029-06-12 04:06:13,2029-06-12T04:06:13.000,"(4461340.48313723, 919588.07009129, 4449530.22143979) m",81.7927,0.47857,81.077,-0.00566682
9573,2029 July 11,15:37:19,77,365,156,P,-1.4191,0.2303,64.3S,85.6W,0,30,,,2029-07-11 15:37:19,2029-07-11T15:37:19.000,"(4461340.48313723, 919588.07009129, 4449530.22143979) m",108.538,-1.95608,109.197,-0.0050623
9574,2029 December 5,15:03:58,77,370,123,P,-1.0609,0.8911,67.5S,135.7E,0,177,,,2029-12-05 15:03:58,2029-12-05T15:03:58.000,"(4461340.48313723, 919588.07009129, 4449530.22143979) m",252.926,-1.9266,253.338,0.00166053
9575,2030 June 1,06:29:13,78,376,128,A,0.5626,0.9443,56.5N,80.1E,55,176,250,05m21s,2030-06-01 06:29:13,2030-06-01T06:29:13.000,"(4461340.48313723, 919588.07009129, 4449530.22143979) m",70.9972,-0.0850393,70.4056,-0.00546917
9576,2030 November 25,06:51:37,78,382,133,T,-0.3867,1.0468,43.6S,71.2E,67,7,169,03m44s,2030-11-25 06:51:37,2030-11-25T06:51:37.000,"(4461340.48313723, 919588.07009129, 4449530.22143979) m",243.433,-1.03647,242.601,0.00218807
9577,2031 May 21,07:16:04,78,388,138,A,-0.19699999999999998,0.9589,8.9N,71.7E,79,354,152,05m26s,2031-05-21 07:16:04,2031-05-21T07:16:04.000,"(4461340.48313723, 919588.07009129, 4449530.22143979) m",60.0638,-0.777776,59.6274,-0.00525732
9578,2031 November 14,21:07:31,79,394,143,H,0.3078,1.0106,0.6S,137.6W,72,189,38,01m08s,2031-11-14 21:07:31,2031-11-14T21:07:31.000,"(4461340.48313723, 919588.07009129, 4449530.22143979) m",231.624,-0.215623,231.837,0.00211303
9579,2032 May 9,13:26:42,79,400,148,A,-0.9375,0.9957,51.3S,7.1W,20,345,44,00m22s,2032-05-09 13:26:42,2032-05-09T13:26:42.000,"(4461340.48313723, 919588.07009129, 4449530.22143979) m",48.4362,-1.25852,49.0182,-0.00429334
9580,2032 November 3,05:34:13,79,406,153,P,1.0643,0.8554,70.4N,132.6E,0,218,,,2032-11-03 05:34:13,2032-11-03T05:34:13.000,"(4461340.48313723, 919588.07009129, 4449530.22143979) m",221.623,0.567146,220.889,0.00195636
9581,2033 March 30,18:02:36,80,411,120,T,0.9778,1.0462,71.3N,155.8W,11,111,781,02m37s,2033-03-30 18:02:36,2033-03-30T18:02:36.000,"(4461340.48313723, 919588.07009129, 4449530.22143979) m",9.04715,0.605582,9.8775,-0.002058
9582,2033 September 23,13:54:31,80,417,125,P,-1.1583,0.6890000000000001,72.2S,121.2W,0,91,,,2033-09-23 13:54:31,2033-09-23T13:54:31.000,"(4461340.48313723, 919588.07009129, 4449530.22143979) m",180.348,-1.7999,180.382,-0.00173386
9583,2034 March 20,10:18:45,80,423,130,T,0.2894,1.0458,16.1N,22.2E,73,162,159,04m09s,2034-03-20 10:18:45,2034-03-20T10:18:45.000,"(4461340.48313723, 919588.07009129, 4449530.22143979) m",359.327,-0.44133,359.395,-0.00235228
9584,2034 September 12,16:19:28,81,429,135,A,-0.3936,0.9736,18.2S,72.6W,67,18,102,02m58s,2034-09-12 16:19:28,2034-09-12T16:19:28.000,"(4461340.48313723, 919588.07009129, 4449530.22143979) m",169.194,-1.21094,169.496,-0.00256568
9585,2035 March 9,23:05:54,81,435,140,A,-0.4368,0.9919,29.0S,154.9W,64,340,31,00m48s,2035-03-09 23:05:54,2035-03-09T23:05:54.000,"(4461340.48313723, 919588.07009129, 4449530.22143979) m",348.387,-0.954187,348.707,-0.000977867
9586,2035 September 2,01:56:46,81,441,145,T,0.3727,1.032,29.1N,158.0E,68,199,116,02m54s,2035-09-02 01:56:46,2035-09-02T01:56:46.000,"(4461340.48313723, 919588.07009129, 4449530.22143979) m",159.643,-0.160559,158.965,-0.00260848
9587,2036 February 27,04:46:49,82,447,150,P,-1.1942,0.6286,71.6S,131.4W,0,242,,,2036-02-27 04:46:49,2036-02-27T04:46:49.000,"(4461340.48313723, 919588.07009129, 4449530.22143979) m",337.927,-1.88699,337.659,-0.000638003
9588,2036 July 23,10:32:06,82,452,117,P,-1.425,0.1991,68.9S,3.6E,0,19,,,2036-07-23 10:32:06,2036-07-23T10:32:06.000,"(4461340.48313723, 919588.07009129, 4449530.22143979) m",121.045,-1.8624,120.65,-0.00488876
9589,2036 August 21,17:25:45,82,453,155,P,1.0825,0.8622,71.1N,47.0E,0,309,,,2036-08-21 17:25:45,2036-08-21T17:25:45.000,"(4461340.48313723, 919588.07009129, 4449530.22143979) m",148.187,0.183071,148.719,-0.00427058
9590,2037 January 16,09:48:55,82,458,122,P,1.1477,0.7049,68.5N,20.8E,0,166,,,2037-01-16 09:48:55,2037-01-16T09:48:55.000,"(4461340.48313723, 919588.07009129, 4449530.22143979) m",296.298,0.201081,296.084,0.00196204
9591,2037 July 13,02:40:36,83,464,127,T,-0.7246,1.0413,24.8S,139.1E,43,3,201,03m58s,2037-07-13 02:40:36,2037-07-13T02:40:36.000,"(4461340.48313723, 919588.07009129, 4449530.22143979) m",111.287,-1.42791,110.549,-0.0061249
9592,2038 January 5,13:47:11,83,470,132,A,0.4169,0.9728,2.1N,25.4W,65,179,107,03m18s,2038-01-05 13:47:11,2038-01-05T13:47:11.000,"(4461340.48313723, 919588.07009129, 4449530.22143979) m",284.326,-0.374109,284.78,0.0026019
9593,2038 July 2,13:32:55,84,476,137,A,0.0398,0.9911,25.4N,21.9W,88,179,31,01m00s,2038-07-02 13:32:55,2038-07-02T13:32:55.000,"(4461340.48313723, 919588.07009129, 4449530.22143979) m",99.9107,-0.386186,100.25,-0.00587718
9594,2038 December 26,01:00:10,84,482,142,T,-0.2881,1.0268,40.3S,164.0E,73,5,95,02m18s,2038-12-26 01:00:10,2038-12-26T01:00:10.000,"(4461340.48313723, 919588.07009129, 4449530.22143979) m",274.07,-0.672503,273.786,0.00398371
9595,2039 June 21,17:12:54,84,488,147,A,0.8312,0.9454,78.9N,102.1W,33,153,365,04m05s,2039-06-21 17:12:54,2039-06-21T17:12:54.000,"(4461340.48313723, 919588.07009129, 4449530.22143979) m",88.9464,0.165193,89.6569,-0.00654606
9596,2039 December 15,16:23:46,85,494,152,T,-0.9458,1.0356,80.9S,172.8E,18,123,380,01m51s,2039-12-15 16:23:46,2039-12-15T16:23:46.000,"(4461340.48313723, 919588.07009129, 4449530.22143979) m",262.219,-1.69839,262.981,0.0033443
9597,2040 May 11,03:43:02,85,499,119,P,-1.2529,0.5306,62.8S,174.4E,0,313,,,2040-05-11 03:43:02,2040-05-11T03:43:02.000,"(4461340.48313723, 919588.07009129, 4449530.22143979) m",51.0401,-1.97678,50.5091,-0.00657068
9598,2040 November 4,19:09:02,85,505,124,P,1.0993,0.8074,62.2N,53.4W,0,234,,,2040-11-04 19:09:02,2040-11-04T19:09:02.000,"(4461340.48313723, 919588.07009129, 4449530.22143979) m",222.139,0.35851,222.408,0.00215056
9599,2041 April 30,11:52:21,86,511,129,T,-0.4492,1.0189,9.6S,12.2E,63,337,72,01m51s,2041-04-30 11:52:21,2041-04-30T11:52:21.000,"(4461340.48313723, 919588.07009129, 4449530.22143979) m",39.7118,-0.867545,39.932,-0.00499048
9600,2041 October 25,01:36:22,86,517,134,A,0.4133,0.9467,9.9N,162.9E,66,206,213,06m07s,2041-10-25 01:36:22,2041-10-25T01:36:22.000,"(4461340.48313723, 919588.07009129, 4449530.22143979) m",212.044,0.0351095,211.433,0.00227002
9601,2042 April 20,02:17:30,86,523,139,T,0.2956,1.0614,27.0N,137.3E,73,151,210,04m51s,2042-04-20 02:17:30,2042-04-20T02:17:30.000,"(4461340.48313723, 919588.07009129, 4449530.22143979) m",29.7465,-0.628959,29.5558,-0.00544358
9602,2042 October 14,02:00:42,87,529,144,A,-0.303,0.93,23.7S,137.8E,72,30,273,07m44s,2042-10-14 02:00:42,2042-10-14T02:00:42.000,"(4461340.48313723, 919588.07009129, 4449530.22143979) m",200.872,-0.607702,200.266,0.00157379
9603,2043 April 9,18:57:49,87,535,149,T+,1.0031,1.0095,61.3N,152.0E,0,74,-,-,2043-04-09 18:57:49,2043-04-09T18:57:49.000,"(4461340.48313723, 919588.07009129, 4449530.22143979) m",18.2442,0.567296,19.2139,-0.00333242
9604,2043 October 3,03:01:49,88,541,154,A-,-1.0102,0.9497,61.0S,35.3E,0,98,-,-,2043-10-03 03:01:49,2043-10-03T03:01:49.000,"(4461340.48313723, 919588.07009129, 4449530.22143979) m",189.873,-1.26244,189.195,0.000305531
9605,2044 February 28,20:24:40,88,546,121,As,-0.9954,0.96,62.2S,25.6W,4,260,-,02m27s,2044-02-28 20:24:40,2044-02-28T20:24:40.000,"(4461340.48313723, 919588.07009129, 4449530.22143979) m",338.712,-1.28582,339.271,0.000564733
9606,2044 August 23,01:17:02,88,552,126,T,0.9613,1.0364,64.3N,120.4W,15,264,453,02m04s,2044-08-23 01:17:02,2044-08-23T01:17:02.000,"(4461340.48313723, 919588.07009129, 4449530.22143979) m",150.666,0.322099,149.949,-0.00407305
9607,2045 February 16,23:56:07,89,558,131,A,-0.3125,0.9285,28.3S,166.2W,72,331,281,07m47s,2045-02-16 23:56:07,2045-02-16T23:56:07.000,"(4461340.48313723, 919588.07009129, 4449530.22143979) m",328.027,-0.751239,328.082,0.00147202
9608,2045 August 12,17:42:39,89,564,136,T,0.2116,1.0774,25.9N,78.5W,78,206,256,06m06s,2045-08-12 17:42:39,2045-08-12T17:42:39.000,"(4461340.48313723, 919588.07009129, 4449530.22143979) m",139.348,-0.694501,139.779,-0.00549501
9609,2046 February 5,23:06:26,90,570,141,A,0.3765,0.9232,4.8N,171.4W,68,157,310,09m42s,2046-02-05 23:06:26,2046-02-05T23:06:26.000,"(4461340.48313723, 919588.07009129, 4449530.22143979) m",316.444,-0.0522122,316.655,0.00260488
9610,2046 August 2,10:21:13,90,576,146,T,-0.535,1.0531,12.7S,15.2E,58,21,206,04m51s,2046-08-02 10:21:13,2046-08-02T10:21:13.000,"(4461340.48313723, 919588.07009129, 4449530.22143979) m",129.925,-0.941572,129.665,-0.00523504
9611,2047 January 26,01:33:18,90,582,151,P,1.045,0.8907,62.9N,111.7E,0,135,,,2047-01-26 01:33:18,2047-01-26T01:33:18.000,"(4461340.48313723, 919588.07009129, 4449530.22143979) m",305.475,0.463485,305.33,0.00326933
9612,2047 June 23,10:52:31,91,587,118,P,1.3766,0.3129,65.8N,178.0W,0,346,,,2047-06-23 10:52:31,2047-06-23T10:52:31.000,"(4461340.48313723, 919588.07009129, 4449530.22143979) m",91.4777,0.941782,91.2703,-0.0069399
9613,2047 July 22,22:36:17,91,588,156,P,-1.3477,0.3604,63.4S,160.2E,0,40,,,2047-07-22 22:36:17,2047-07-22T22:36:17.000,"(4461340.48313723, 919588.07009129, 4449530.22143979) m",119.337,-2.12235,119.394,-0.00693779
9614,2047 December 16,23:50:12,91,593,123,P,-1.0661,0.8816,66.4S,6.6W,0,188,,,2047-12-16 23:50:12,2047-12-16T23:50:12.000,"(4461340.48313723, 919588.07009129, 4449530.22143979) m",264.515,-1.40678,264.261,0.0053958
9615,2048 June 11,12:58:53,92,599,128,A,0.6468,0.9441,63.7N,11.5W,49,184,272,04m58s,2048-06-11 12:58:53,2048-06-11T12:58:53.000,"(4461340.48313723, 919588.07009129, 4449530.22143979) m",80.3563,0.241844,80.6005,-0.00716973
9616,2048 December 5,15:35:27,92,605,133,T,-0.3973,1.044,46.1S,56.4W,66,1,160,03m28s,2048-12-05 15:35:27,2048-12-05T15:35:27.000,"(4461340.48313723, 919588.07009129, 4449530.22143979) m",252.956,-1.23185,253.484,0.00410341
9617,2049 May 31,13:59:59,92,611,138,A,-0.1187,0.9631,15.3N,29.9W,83,358,134,04m45s,2049-05-31 13:59:59,2049-05-31T13:59:59.000,"(4461340.48313723, 919588.07009129, 4449530.22143979) m",69.3657,-0.464205,69.8649,-0.00720224
9618,2049 November 25,05:33:48,93,617,143,H,0.2943,1.0057,3.8S,95.2E,73,185,21,00m38s,2049-11-25 05:33:48,2049-11-25T05:33:48.000,"(4461340.48313723, 919588.07009129, 4449530.22143979) m",243.465,-0.237014,242.677,0.00483325
9619,2050 May 20,20:42:50,94,623,148,H,-0.8688,1.0038,40.1S,123.7W,29,352,27,00m21s,2050-05-20 20:42:50,2050-05-20T20:42:50.000,"(4461340.48313723, 919588.07009129, 4449530.22143979) m",58.6778,-1.54391,59.322,-0.00774589
9620,2050 November 14,13:30:53,95,629,153,P,1.0447,0.8874,69.5N,1.0E,0,206,,,2050-11-14 13:30:53,2050-11-14T13:30:53.000,"(4461340.48313723, 919588.07009129, 4449530.22143979) m",231.367,0.112373,231.651,0.00356873
